,position,variable,density
0,853,exon,0.0
1,854,exon,0.0
2,855,exon,0.0
3,856,exon,0.0
4,857,exon,0.0
5,858,exon,0.0
6,859,exon,0.0
7,860,exon,0.0
8,861,exon,0.0
9,862,exon,0.0
10,863,exon,0.0
11,864,exon,0.0
12,865,exon,0.0
13,866,exon,0.0
14,867,exon,0.0
15,868,exon,0.0
16,869,exon,0.0
17,870,exon,0.0
18,871,exon,0.0
19,872,exon,0.0
20,873,exon,0.0
21,874,exon,0.0
22,875,exon,0.0
23,876,exon,0.0
24,877,exon,0.0
25,878,exon,0.0
26,879,exon,0.0
27,880,exon,0.0
28,881,exon,0.0
29,882,exon,0.0
30,883,exon,0.0
31,884,exon,0.0
32,885,exon,0.0
33,886,exon,0.0
34,887,exon,0.0
35,888,exon,0.0
36,889,exon,0.0
37,890,exon,0.0
38,891,exon,0.0
39,892,exon,0.0
40,893,exon,0.0
41,894,exon,0.0
42,895,exon,0.0
43,896,exon,0.0
44,897,exon,0.0
45,898,exon,0.0
46,899,exon,0.0
47,900,exon,0.0
48,901,exon,0.0
49,902,exon,0.0
50,903,exon,0.0
51,904,exon,0.0
52,905,exon,0.0
53,906,exon,0.0
54,907,exon,0.0
55,908,exon,0.0
56,909,exon,0.0
57,910,exon,0.0
58,911,exon,0.0
59,912,exon,0.0
60,913,exon,0.0
61,914,exon,0.0
62,915,exon,0.0
63,916,exon,0.0
64,917,exon,0.0
65,918,exon,0.0
66,919,exon,0.0
67,920,exon,0.0
68,921,exon,0.0
69,922,exon,0.0
70,923,exon,0.0
71,924,exon,0.0
72,925,exon,0.0
73,926,exon,0.0
74,927,exon,0.00015986394557823127
75,928,exon,0.0003214285714285714
76,929,exon,0.0004880952380952381
77,930,exon,0.0006598639455782312
78,931,exon,0.0008350340136054422
79,932,exon,0.001022108843537415
80,933,exon,0.0012125850340136055
81,934,exon,0.0014149659863945576
82,935,exon,0.0016241496598639455
83,936,exon,0.0018435374149659864
84,937,exon,0.0020867346938775507
85,938,exon,0.002353741496598639
86,939,exon,0.002637755102040816
87,940,exon,0.0029455782312925167
88,941,exon,0.0032772108843537417
89,942,exon,0.003630952380952381
90,943,exon,0.004022108843537415
91,944,exon,0.004438775510204081
92,945,exon,0.00488265306122449
93,946,exon,0.005350340136054422
94,947,exon,0.005845238095238095
95,948,exon,0.00638265306122449
96,949,exon,0.006952380952380954
97,950,exon,0.007552721088435373
98,951,exon,0.008187074829931973
99,952,exon,0.008855442176870747
100,953,exon,0.00956122448979592
101,954,exon,0.010318027210884352
102,955,exon,0.011096938775510204
103,956,exon,0.011906462585034014
104,957,exon,0.012753401360544217
105,958,exon,0.013634353741496599
106,959,exon,0.01454421768707483
107,960,exon,0.015482993197278912
108,961,exon,0.016430272108843538
109,962,exon,0.017411564625850338
110,963,exon,0.018416666666666665
111,964,exon,0.019452380952380954
112,965,exon,0.0205187074829932
113,966,exon,0.021602040816326534
114,967,exon,0.02270408163265306
115,968,exon,0.023807823129251702
116,969,exon,0.024921768707482993
117,970,exon,0.026047619047619052
118,971,exon,0.027187074829931972
119,972,exon,0.028338435374149658
120,973,exon,0.029501700680272108
121,974,exon,0.03067517006802721
122,975,exon,0.031852040816326525
123,976,exon,0.033045918367346945
124,977,exon,0.03426700680272109
125,978,exon,0.03550170068027211
126,979,exon,0.036743197278911566
127,980,exon,0.038
128,981,exon,0.03927891156462585
129,982,exon,0.04057653061224489
130,983,exon,0.0418843537414966
131,984,exon,0.0432125850340136
132,985,exon,0.04455442176870748
133,986,exon,0.045914965986394565
134,987,exon,0.047290816326530614
135,988,exon,0.048681972789115645
136,989,exon,0.05010884353741496
137,990,exon,0.0515578231292517
138,991,exon,0.05302551020408163
139,992,exon,0.05452040816326531
140,993,exon,0.056042517006802725
141,994,exon,0.057593537414965985
142,995,exon,0.0591547619047619
143,996,exon,0.060741496598639456
144,997,exon,0.06234863945578231
145,998,exon,0.06395748299319728
146,999,exon,0.06557993197278911
147,1000,exon,0.06720408163265307
148,1001,exon,0.06883163265306123
149,1002,exon,0.07047108843537415
150,1003,exon,0.07212585034013605
151,1004,exon,0.07380102040816325
152,1005,exon,0.07549659863945578
153,1006,exon,0.07721768707482993
154,1007,exon,0.07895748299319728
155,1008,exon,0.08070068027210883
156,1009,exon,0.08244727891156461
157,1010,exon,0.08419387755102042
158,1011,exon,0.08594387755102043
159,1012,exon,0.0876921768707483
160,1013,exon,0.08945068027210884
161,1014,exon,0.09121768707482994
162,1015,exon,0.09299829931972789
163,1016,exon,0.09478231292517006
164,1017,exon,0.09657142857142856
165,1018,exon,0.09835544217687076
166,1019,exon,0.10015646258503401
167,1020,exon,0.10196428571428572
168,1021,exon,0.10377210884353741
169,1022,exon,0.10557993197278913
170,1023,exon,0.10738945578231292
171,1024,exon,0.10920238095238095
172,1025,exon,0.11101020408163265
173,1026,exon,0.11282142857142857
174,1027,exon,0.1146360544217687
175,1028,exon,0.11645238095238093
176,1029,exon,0.11828401360544219
177,1030,exon,0.12011734693877552
178,1031,exon,0.12195408163265305
179,1032,exon,0.12377380952380952
180,1033,exon,0.12560714285714286
181,1034,exon,0.12744387755102043
182,1035,exon,0.1292721088435374
183,1036,exon,0.13110544217687076
184,1037,exon,0.13294727891156463
185,1038,exon,0.13479591836734692
186,1039,exon,0.13664115646258507
187,1040,exon,0.1384795918367347
188,1041,exon,0.14031632653061227
189,1042,exon,0.14215646258503403
190,1043,exon,0.1440034013605442
191,1044,exon,0.14584013605442178
192,1045,exon,0.14768537414965988
193,1046,exon,0.14953061224489794
194,1047,exon,0.15137755102040817
195,1048,exon,0.15323129251700682
196,1049,exon,0.15508843537414968
197,1050,exon,0.15694387755102043
198,1051,exon,0.15879251700680272
199,1052,exon,0.1606377551020408
200,1053,exon,0.16248469387755102
201,1054,exon,0.1643333333333333
202,1055,exon,0.16618027210884356
203,1056,exon,0.16802551020408163
204,1057,exon,0.16987244897959183
205,1058,exon,0.17171428571428574
206,1059,exon,0.1735425170068027
207,1060,exon,0.17537925170068028
208,1061,exon,0.17721768707482993
209,1062,exon,0.1790408163265306
210,1063,exon,0.18086734693877551
211,1064,exon,0.18268707482993196
212,1065,exon,0.1845187074829932
213,1066,exon,0.18634863945578228
214,1067,exon,0.1881700680272109
215,1068,exon,0.18998469387755101
216,1069,exon,0.19180442176870746
217,1070,exon,0.1936190476190476
218,1071,exon,0.1954404761904762
219,1072,exon,0.19726190476190475
220,1073,exon,0.199078231292517
221,1074,exon,0.20071938775510204
222,1075,exon,0.20235544217687074
223,1076,exon,0.20398299319727892
224,1077,exon,0.2056003401360544
225,1078,exon,0.20720238095238097
226,1079,exon,0.2087891156462585
227,1080,exon,0.21036394557823132
228,1081,exon,0.21193027210884355
229,1082,exon,0.21347619047619049
230,1083,exon,0.2149982993197279
231,1084,exon,0.21649149659863945
232,1085,exon,0.21794727891156465
233,1086,exon,0.21937755102040812
234,1087,exon,0.22076700680272107
235,1088,exon,0.22213435374149657
236,1089,exon,0.22348299319727888
237,1090,exon,0.2247908163265306
238,1091,exon,0.22606972789115645
239,1092,exon,0.22731462585034012
240,1093,exon,0.2285374149659864
241,1094,exon,0.2297312925170068
242,1095,exon,0.2308690476190476
243,1096,exon,0.23197108843537415
244,1097,exon,0.23305442176870747
245,1098,exon,0.23410884353741496
246,1099,exon,0.23513265306122452
247,1100,exon,0.2361139455782313
248,1101,exon,0.23704591836734693
249,1102,exon,0.23794897959183672
250,1103,exon,0.23881802721088433
251,1104,exon,0.2396513605442177
252,1105,exon,0.24044217687074831
253,1106,exon,0.24119727891156462
254,1107,exon,0.24192346938775508
255,1108,exon,0.242641156462585
256,1109,exon,0.24331802721088433
257,1110,exon,0.24396768707482994
258,1111,exon,0.24458333333333332
259,1112,exon,0.245156462585034
260,1113,exon,0.24570068027210884
261,1114,exon,0.2462278911564626
262,1115,exon,0.24673979591836734
263,1116,exon,0.24724319727891156
264,1117,exon,0.24773299319727893
265,1118,exon,0.24819557823129254
266,1119,exon,0.24864115646258503
267,1120,exon,0.24906632653061228
268,1121,exon,0.2494761904761905
269,1122,exon,0.24987585034013604
270,1123,exon,0.2502568027210884
271,1124,exon,0.25060544217687075
272,1125,exon,0.2509387755102041
273,1126,exon,0.2512687074829932
274,1127,exon,0.25158503401360544
275,1128,exon,0.25187414965986393
276,1129,exon,0.2521343537414966
277,1130,exon,0.25237755102040815
278,1131,exon,0.2525816326530612
279,1132,exon,0.2527670068027211
280,1133,exon,0.2529319727891156
281,1134,exon,0.25307653061224494
282,1135,exon,0.2532142857142857
283,1136,exon,0.25331462585034015
284,1137,exon,0.25338095238095243
285,1138,exon,0.25342857142857145
286,1139,exon,0.25344897959183676
287,1140,exon,0.2534404761904762
288,1141,exon,0.253406462585034
289,1142,exon,0.25335714285714284
290,1143,exon,0.2532755102040817
291,1144,exon,0.253171768707483
292,1145,exon,0.2530561224489796
293,1146,exon,0.2529234693877551
294,1147,exon,0.2527908163265306
295,1148,exon,0.25264625850340133
296,1149,exon,0.25248979591836734
297,1150,exon,0.25231802721088437
298,1151,exon,0.25212414965986396
299,1152,exon,0.2518996598639456
300,1153,exon,0.2516445578231293
301,1154,exon,0.2513673469387755
302,1155,exon,0.2510799319727891
303,1156,exon,0.25078231292517006
304,1157,exon,0.25048979591836734
305,1158,exon,0.25018537414965986
306,1159,exon,0.2498843537414966
307,1160,exon,0.24957482993197277
308,1161,exon,0.24925510204081633
309,1162,exon,0.24891836734693876
310,1163,exon,0.24856972789115644
311,1164,exon,0.24822108843537416
312,1165,exon,0.24787074829931974
313,1166,exon,0.2475017006802721
314,1167,exon,0.24713095238095237
315,1168,exon,0.24676360544217688
316,1169,exon,0.24639285714285716
317,1170,exon,0.24601190476190476
318,1171,exon,0.24562414965986396
319,1172,exon,0.24523299319727893
320,1173,exon,0.24483163265306124
321,1174,exon,0.24441496598639456
322,1175,exon,0.24398979591836734
323,1176,exon,0.24355102040816326
324,1177,exon,0.2431122448979592
325,1178,exon,0.24267176870748297
326,1179,exon,0.24224829931972788
327,1180,exon,0.241812925170068
328,1181,exon,0.24137414965986398
329,1182,exon,0.24094217687074831
330,1183,exon,0.2405034013605442
331,1184,exon,0.2400595238095238
332,1185,exon,0.23960884353741496
333,1186,exon,0.23915136054421765
334,1187,exon,0.2386938775510204
335,1188,exon,0.23823639455782314
336,1189,exon,0.23778401360544216
337,1190,exon,0.2373316326530612
338,1191,exon,0.23689455782312924
339,1192,exon,0.2364421768707483
340,1193,exon,0.23599489795918369
341,1194,exon,0.2355408163265306
342,1195,exon,0.2350765306122449
343,1196,exon,0.23460204081632657
344,1197,exon,0.2341343537414966
345,1198,exon,0.23367517006802724
346,1199,exon,0.23321088435374152
347,1200,exon,0.23273469387755102
348,1201,exon,0.2322551020408163
349,1202,exon,0.2317721088435374
350,1203,exon,0.23127891156462585
351,1204,exon,0.23078061224489796
352,1205,exon,0.2302891156462585
353,1206,exon,0.22981122448979593
354,1207,exon,0.2293231292517007
355,1208,exon,0.22882312925170067
356,1209,exon,0.22833843537414966
357,1210,exon,0.2278503401360544
358,1211,exon,0.2273724489795918
359,1212,exon,0.22688095238095238
360,1213,exon,0.22639965986394558
361,1214,exon,0.22591666666666668
362,1215,exon,0.22544217687074827
363,1216,exon,0.2249574829931973
364,1217,exon,0.2244812925170068
365,1218,exon,0.22399489795918368
366,1219,exon,0.22350680272108844
367,1220,exon,0.2230204081632653
368,1221,exon,0.2225408163265306
369,1222,exon,0.22205442176870746
370,1223,exon,0.22157142857142859
371,1224,exon,0.2210952380952381
372,1225,exon,0.22062074829931974
373,1226,exon,0.22014285714285714
374,1227,exon,0.2196734693877551
375,1228,exon,0.21920238095238093
376,1229,exon,0.218734693877551
377,1230,exon,0.21827551020408162
378,1231,exon,0.21781802721088434
379,1232,exon,0.21737244897959185
380,1233,exon,0.21692857142857144
381,1234,exon,0.2165017006802721
382,1235,exon,0.21607312925170066
383,1236,exon,0.21564115646258503
384,1237,exon,0.2152108843537415
385,1238,exon,0.21478401360544216
386,1239,exon,0.2143656462585034
387,1240,exon,0.21394727891156465
388,1241,exon,0.21352891156462583
389,1242,exon,0.21312414965986395
390,1243,exon,0.21272278911564624
391,1244,exon,0.21230272108843537
392,1245,exon,0.21186904761904765
393,1246,exon,0.21143027210884355
394,1247,exon,0.21099659863945577
395,1248,exon,0.2105595238095238
396,1249,exon,0.21012925170068028
397,1250,exon,0.2096955782312925
398,1251,exon,0.20925510204081632
399,1252,exon,0.2088146258503401
400,1253,exon,0.20837755102040817
401,1254,exon,0.20793537414965987
402,1255,exon,0.20749829931972788
403,1256,exon,0.20706122448979591
404,1257,exon,0.20662414965986395
405,1258,exon,0.2061887755102041
406,1259,exon,0.20575680272108843
407,1260,exon,0.2053299319727891
408,1261,exon,0.20490476190476192
409,1262,exon,0.20448979591836736
410,1263,exon,0.20407312925170065
411,1264,exon,0.20365646258503403
412,1265,exon,0.20325
413,1266,exon,0.20284693877551022
414,1267,exon,0.20244557823129253
415,1268,exon,0.20204251700680273
416,1269,exon,0.20163945578231293
417,1270,exon,0.20122619047619048
418,1271,exon,0.20081292517006805
419,1272,exon,0.20039795918367342
420,1273,exon,0.19997108843537414
421,1274,exon,0.19954931972789114
422,1275,exon,0.19912925170068027
423,1276,exon,0.1987108843537415
424,1277,exon,0.19830272108843536
425,1278,exon,0.19791156462585036
426,1279,exon,0.19751020408163264
427,1280,exon,0.1971173469387755
428,1281,exon,0.19672278911564625
429,1282,exon,0.19631972789115645
430,1283,exon,0.19591156462585033
431,1284,exon,0.19551530612244897
432,1285,exon,0.19511564625850344
433,1286,exon,0.19471598639455784
434,1287,exon,0.19431972789115648
435,1288,exon,0.1939183673469388
436,1289,exon,0.1935204081632653
437,1290,exon,0.19313095238095238
438,1291,exon,0.1927312925170068
439,1292,exon,0.19234183673469385
440,1293,exon,0.19195408163265307
441,1294,exon,0.191562925170068
442,1295,exon,0.19117857142857142
443,1296,exon,0.19080102040816324
444,1297,exon,0.1904200680272109
445,1298,exon,0.19003571428571428
446,1299,exon,0.18965646258503405
447,1300,exon,0.18928571428571428
448,1301,exon,0.18891326530612246
449,1302,exon,0.18854421768707483
450,1303,exon,0.18818027210884355
451,1304,exon,0.18780442176870746
452,1305,exon,0.1874387755102041
453,1306,exon,0.18706972789115647
454,1307,exon,0.18670238095238095
455,1308,exon,0.186328231292517
456,1309,exon,0.18595238095238095
457,1310,exon,0.18558673469387754
458,1311,exon,0.18521428571428572
459,1312,exon,0.1848452380952381
460,1313,exon,0.1844778911564626
461,1314,exon,0.18410544217687075
462,1315,exon,0.18373129251700682
463,1316,exon,0.18336054421768708
464,1317,exon,0.1830017006802721
465,1318,exon,0.18263945578231294
466,1319,exon,0.18228741496598638
467,1320,exon,0.18194557823129254
468,1321,exon,0.18161054421768708
469,1322,exon,0.18128401360544216
470,1323,exon,0.18095238095238095
471,1324,exon,0.18062244897959184
472,1325,exon,0.1802908163265306
473,1326,exon,0.17995408163265308
474,1327,exon,0.17960884353741496
475,1328,exon,0.17926360544217687
476,1329,exon,0.17892006802721092
477,1330,exon,0.17857312925170066
478,1331,exon,0.17822448979591837
479,1332,exon,0.17787925170068028
480,1333,exon,0.1775408163265306
481,1334,exon,0.17720918367346938
482,1335,exon,0.17687244897959184
483,1336,exon,0.17652551020408164
484,1337,exon,0.17615986394557823
485,1338,exon,0.17578571428571427
486,1339,exon,0.17542006802721088
487,1340,exon,0.1750578231292517
488,1341,exon,0.1747057823129252
489,1342,exon,0.1743503401360544
490,1343,exon,0.174
491,1344,exon,0.17364115646258502
492,1345,exon,0.17327891156462585
493,1346,exon,0.17292687074829935
494,1347,exon,0.17258503401360542
495,1348,exon,0.17224149659863947
496,1349,exon,0.17189625850340134
497,1350,exon,0.17155612244897958
498,1351,exon,0.1712159863945578
499,1352,exon,0.17087585034013605
500,1353,exon,0.1705340136054422
501,1354,exon,0.1701955782312925
502,1355,exon,0.16986564625850337
503,1356,exon,0.16952891156462585
504,1357,exon,0.16918197278911568
505,1358,exon,0.1688299319727891
506,1359,exon,0.16847448979591836
507,1360,exon,0.16811224489795917
508,1361,exon,0.16776530612244897
509,1362,exon,0.16740986394557825
510,1363,exon,0.1670595238095238
511,1364,exon,0.16670238095238096
512,1365,exon,0.1663520408163265
513,1366,exon,0.16600170068027212
514,1367,exon,0.16565136054421767
515,1368,exon,0.16530442176870747
516,1369,exon,0.16496258503401362
517,1370,exon,0.16461734693877553
518,1371,exon,0.16426360544217686
519,1372,exon,0.16391836734693876
520,1373,exon,0.16358163265306122
521,1374,exon,0.16324489795918368
522,1375,exon,0.162906462585034
523,1376,exon,0.1625731292517007
524,1377,exon,0.16223979591836735
525,1378,exon,0.16191156462585035
526,1379,exon,0.16158843537414966
527,1380,exon,0.16126870748299318
528,1381,exon,0.16095068027210885
529,1382,exon,0.1606360544217687
530,1383,exon,0.16032482993197278
531,1384,exon,0.16001700680272107
532,1385,exon,0.15971258503401362
533,1386,exon,0.15940816326530613
534,1387,exon,0.1591020408163265
535,1388,exon,0.15880102040816324
536,1389,exon,0.15850000000000003
537,1390,exon,0.1581972789115646
538,1391,exon,0.15790136054421772
539,1392,exon,0.1576156462585034
540,1393,exon,0.15732482993197278
541,1394,exon,0.15703061224489795
542,1395,exon,0.1567295918367347
543,1396,exon,0.15642346938775512
544,1397,exon,0.15612585034013604
545,1398,exon,0.15583503401360543
546,1399,exon,0.15555272108843538
547,1400,exon,0.15527551020408162
548,1401,exon,0.1549982993197279
549,1402,exon,0.15470748299319728
550,1403,exon,0.1544268707482993
551,1404,exon,0.1541513605442177
552,1405,exon,0.15387074829931977
553,1406,exon,0.15360204081632653
554,1407,exon,0.15333673469387754
555,1408,exon,0.15306632653061222
556,1409,exon,0.1527925170068027
557,1410,exon,0.1525170068027211
558,1411,exon,0.1522482993197279
559,1412,exon,0.1519778911564626
560,1413,exon,0.15170578231292517
561,1414,exon,0.15144047619047618
562,1415,exon,0.15118027210884355
563,1416,exon,0.15092517006802722
564,1417,exon,0.15068197278911563
565,1418,exon,0.15044897959183676
566,1419,exon,0.15021938775510205
567,1420,exon,0.1500017006802721
568,1421,exon,0.1497755102040816
569,1422,exon,0.14954931972789115
570,1423,exon,0.149328231292517
571,1424,exon,0.14910204081632653
572,1425,exon,0.14887585034013606
573,1426,exon,0.14865306122448976
574,1427,exon,0.1484149659863946
575,1428,exon,0.14818027210884355
576,1429,exon,0.14793877551020407
577,1430,exon,0.14770238095238097
578,1431,exon,0.14746598639455782
579,1432,exon,0.14723299319727892
580,1433,exon,0.14699149659863947
581,1434,exon,0.14675
582,1435,exon,0.1465170068027211
583,1436,exon,0.14628571428571427
584,1437,exon,0.14604761904761904
585,1438,exon,0.14581972789115646
586,1439,exon,0.14558843537414964
587,1440,exon,0.14535714285714285
588,1441,exon,0.14512755102040814
589,1442,exon,0.14489795918367349
590,1443,exon,0.14466326530612247
591,1444,exon,0.14442857142857143
592,1445,exon,0.14419897959183675
593,1446,exon,0.14396768707482993
594,1447,exon,0.14372619047619048
595,1448,exon,0.14349829931972788
596,1449,exon,0.14327891156462585
597,1450,exon,0.14306292517006802
598,1451,exon,0.1428554421768707
599,1452,exon,0.14264625850340135
600,1453,exon,0.14243197278911562
601,1454,exon,0.14222108843537415
602,1455,exon,0.14201700680272109
603,1456,exon,0.14181462585034013
604,1457,exon,0.14161224489795918
605,1458,exon,0.1414047619047619
606,1459,exon,0.14119897959183675
607,1460,exon,0.14098979591836736
608,1461,exon,0.14078231292517007
609,1462,exon,0.14056462585034013
610,1463,exon,0.1403452380952381
611,1464,exon,0.14011904761904762
612,1465,exon,0.13989455782312926
613,1466,exon,0.13966496598639458
614,1467,exon,0.13943197278911565
615,1468,exon,0.1392074829931973
616,1469,exon,0.1389795918367347
617,1470,exon,0.1387534013605442
618,1471,exon,0.13852551020408163
619,1472,exon,0.13830272108843536
620,1473,exon,0.13807823129251698
621,1474,exon,0.13785884353741495
622,1475,exon,0.13764285714285715
623,1476,exon,0.1374251700680272
624,1477,exon,0.13721428571428573
625,1478,exon,0.137
626,1479,exon,0.13678231292517007
627,1480,exon,0.13656632653061224
628,1481,exon,0.1363503401360544
629,1482,exon,0.13614115646258504
630,1483,exon,0.13593027210884354
631,1484,exon,0.1357312925170068
632,1485,exon,0.1355357142857143
633,1486,exon,0.13533843537414966
634,1487,exon,0.1351343537414966
635,1488,exon,0.13491326530612247
636,1489,exon,0.13469217687074828
637,1490,exon,0.13447108843537417
638,1491,exon,0.13425680272108845
639,1492,exon,0.13404591836734692
640,1493,exon,0.13383333333333333
641,1494,exon,0.13361904761904758
642,1495,exon,0.13340816326530613
643,1496,exon,0.13320238095238096
644,1497,exon,0.13300510204081634
645,1498,exon,0.1328095238095238
646,1499,exon,0.1326139455782313
647,1500,exon,0.13242346938775512
648,1501,exon,0.1322295918367347
649,1502,exon,0.13203231292517006
650,1503,exon,0.13183843537414963
651,1504,exon,0.13165306122448978
652,1505,exon,0.13146768707482995
653,1506,exon,0.1312891156462585
654,1507,exon,0.13110884353741498
655,1508,exon,0.1309200680272109
656,1509,exon,0.13073639455782313
657,1510,exon,0.13055102040816324
658,1511,exon,0.13036734693877552
659,1512,exon,0.13018027210884353
660,1513,exon,0.12999489795918368
661,1514,exon,0.1298112244897959
662,1515,exon,0.1296343537414966
663,1516,exon,0.12946598639455784
664,1517,exon,0.1293061224489796
665,1518,exon,0.12915476190476194
666,1519,exon,0.12900510204081633
667,1520,exon,0.12885544217687075
668,1521,exon,0.12870408163265307
669,1522,exon,0.12855272108843535
670,1523,exon,0.1284030612244898
671,1524,exon,0.12825510204081633
672,1525,exon,0.12810374149659864
673,1526,exon,0.1279421768707483
674,1527,exon,0.12778231292517006
675,1528,exon,0.12762244897959182
676,1529,exon,0.12745578231292518
677,1530,exon,0.1272874149659864
678,1531,exon,0.1271156462585034
679,1532,exon,0.1269438775510204
680,1533,exon,0.1267721088435374
681,1534,exon,0.1265952380952381
682,1535,exon,0.1264047619047619
683,1536,exon,0.1262125850340136
684,1537,exon,0.12602040816326532
685,1538,exon,0.125828231292517
686,1539,exon,0.12562925170068026
687,1540,exon,0.12543877551020408
688,1541,exon,0.1252482993197279
689,1542,exon,0.12506632653061225
690,1543,exon,0.12489115646258503
691,1544,exon,0.12470748299319727
692,1545,exon,0.1245204081632653
693,1546,exon,0.12432993197278913
694,1547,exon,0.1241343537414966
695,1548,exon,0.1239438775510204
696,1549,exon,0.12376020408163266
697,1550,exon,0.12357482993197277
698,1551,exon,0.12339115646258506
699,1552,exon,0.12321598639455783
700,1553,exon,0.1230391156462585
701,1554,exon,0.1228639455782313
702,1555,exon,0.12269217687074828
703,1556,exon,0.12252380952380951
704,1557,exon,0.12235714285714286
705,1558,exon,0.12219047619047617
706,1559,exon,0.12202891156462585
707,1560,exon,0.12187074829931972
708,1561,exon,0.1217091836734694
709,1562,exon,0.12155272108843537
710,1563,exon,0.12139455782312925
711,1564,exon,0.1212312925170068
712,1565,exon,0.12105782312925172
713,1566,exon,0.12088265306122449
714,1567,exon,0.12070068027210884
715,1568,exon,0.1205204081632653
716,1569,exon,0.12034353741496599
717,1570,exon,0.1201700680272109
718,1571,exon,0.11999659863945579
719,1572,exon,0.11982482993197277
720,1573,exon,0.11965986394557822
721,1574,exon,0.1195
722,1575,exon,0.1193452380952381
723,1576,exon,0.11919557823129252
724,1577,exon,0.11904421768707485
725,1578,exon,0.11889455782312924
726,1579,exon,0.11874149659863946
727,1580,exon,0.1185952380952381
728,1581,exon,0.11844557823129251
729,1582,exon,0.11828911564625849
730,1583,exon,0.11813095238095238
731,1584,exon,0.11797619047619048
732,1585,exon,0.11782142857142858
733,1586,exon,0.11766836734693877
734,1587,exon,0.11751530612244898
735,1588,exon,0.11736054421768707
736,1589,exon,0.11720408163265306
737,1590,exon,0.11704251700680271
738,1591,exon,0.11688265306122449
739,1592,exon,0.11672278911564626
740,1593,exon,0.11656972789115648
741,1594,exon,0.11642687074829933
742,1595,exon,0.11627380952380952
743,1596,exon,0.11611224489795918
744,1597,exon,0.11595238095238095
745,1598,exon,0.11579081632653063
746,1599,exon,0.11563095238095238
747,1600,exon,0.11547448979591837
748,1601,exon,0.1153078231292517
749,1602,exon,0.11513945578231294
750,1603,exon,0.11497789115646259
751,1604,exon,0.11481632653061226
752,1605,exon,0.11465986394557823
753,1606,exon,0.1145017006802721
754,1607,exon,0.1143452380952381
755,1608,exon,0.11418367346938774
756,1609,exon,0.11403401360544217
757,1610,exon,0.1138843537414966
758,1611,exon,0.11373809523809524
759,1612,exon,0.11359863945578232
760,1613,exon,0.11346428571428571
761,1614,exon,0.11332823129251701
762,1615,exon,0.11319047619047619
763,1616,exon,0.1130561224489796
764,1617,exon,0.1129234693877551
765,1618,exon,0.1127925170068027
766,1619,exon,0.11265816326530613
767,1620,exon,0.11253231292517006
768,1621,exon,0.11240646258503402
769,1622,exon,0.11227891156462584
770,1623,exon,0.11215136054421768
771,1624,exon,0.11201530612244898
772,1625,exon,0.11188095238095239
773,1626,exon,0.11173979591836734
774,1627,exon,0.11160034013605442
775,1628,exon,0.11145918367346938
776,1629,exon,0.11131802721088435
777,1630,exon,0.11117517006802723
778,1631,exon,0.11103231292517007
779,1632,exon,0.11088945578231292
780,1633,exon,0.11075
781,1634,exon,0.11061054421768708
782,1635,exon,0.1104795918367347
783,1636,exon,0.11035714285714286
784,1637,exon,0.11023129251700681
785,1638,exon,0.11010204081632653
786,1639,exon,0.10997278911564624
787,1640,exon,0.1098452380952381
788,1641,exon,0.10971428571428572
789,1642,exon,0.10957993197278912
790,1643,exon,0.10944727891156464
791,1644,exon,0.10930442176870747
792,1645,exon,0.10916326530612244
793,1646,exon,0.10902210884353741
794,1647,exon,0.10887585034013605
795,1648,exon,0.1087295918367347
796,1649,exon,0.10858843537414965
797,1650,exon,0.10845408163265308
798,1651,exon,0.10832142857142857
799,1652,exon,0.10819217687074831
800,1653,exon,0.10805952380952381
801,1654,exon,0.10792687074829932
802,1655,exon,0.10779421768707484
803,1656,exon,0.10765816326530611
804,1657,exon,0.10751870748299319
805,1658,exon,0.10738095238095238
806,1659,exon,0.10724319727891157
807,1660,exon,0.10710714285714286
808,1661,exon,0.10697278911564627
809,1662,exon,0.10683843537414965
810,1663,exon,0.10669727891156462
811,1664,exon,0.10654931972789115
812,1665,exon,0.10639795918367347
813,1666,exon,0.10625
814,1667,exon,0.10610034013605443
815,1668,exon,0.10594897959183674
816,1669,exon,0.10579761904761906
817,1670,exon,0.10565136054421768
818,1671,exon,0.10550850340136055
819,1672,exon,0.1053656462585034
820,1673,exon,0.1052278911564626
821,1674,exon,0.1050952380952381
822,1675,exon,0.10495578231292516
823,1676,exon,0.10481972789115646
824,1677,exon,0.10468367346938776
825,1678,exon,0.10454591836734695
826,1679,exon,0.1044047619047619
827,1680,exon,0.10426360544217687
828,1681,exon,0.10412414965986394
829,1682,exon,0.10399489795918368
830,1683,exon,0.1038639455782313
831,1684,exon,0.1037312925170068
832,1685,exon,0.10360374149659865
833,1686,exon,0.1034778911564626
834,1687,exon,0.10335374149659865
835,1688,exon,0.1032278911564626
836,1689,exon,0.10309863945578232
837,1690,exon,0.10296938775510203
838,1691,exon,0.1028452380952381
839,1692,exon,0.10272278911564627
840,1693,exon,0.10260034013605443
841,1694,exon,0.10247789115646258
842,1695,exon,0.10235204081632654
843,1696,exon,0.1022295918367347
844,1697,exon,0.10210204081632654
845,1698,exon,0.10196938775510203
846,1699,exon,0.10183503401360545
847,1700,exon,0.10169897959183673
848,1701,exon,0.10156632653061225
849,1702,exon,0.10142857142857144
850,1703,exon,0.10129591836734694
851,1704,exon,0.10116326530612244
852,1705,exon,0.10102551020408163
853,1706,exon,0.10088945578231293
854,1707,exon,0.10075
855,1708,exon,0.10061224489795918
856,1709,exon,0.10046598639455782
857,1710,exon,0.10031972789115647
858,1711,exon,0.10017857142857144
859,1712,exon,0.10003571428571428
860,1713,exon,0.09989285714285714
861,1714,exon,0.09975680272108843
862,1715,exon,0.09962244897959184
863,1716,exon,0.09949149659863946
864,1717,exon,0.09936054421768707
865,1718,exon,0.09923299319727892
866,1719,exon,0.09910544217687076
867,1720,exon,0.09898469387755103
868,1721,exon,0.0988656462585034
869,1722,exon,0.09874489795918368
870,1723,exon,0.09862585034013606
871,1724,exon,0.09851360544217687
872,1725,exon,0.09839795918367346
873,1726,exon,0.09828231292517006
874,1727,exon,0.09816156462585035
875,1728,exon,0.0980408163265306
876,1729,exon,0.09792006802721087
877,1730,exon,0.09780272108843538
878,1731,exon,0.09768707482993198
879,1732,exon,0.09757312925170068
880,1733,exon,0.0974591836734694
881,1734,exon,0.09735034013605443
882,1735,exon,0.09724319727891156
883,1736,exon,0.09714625850340136
884,1737,exon,0.09705102040816325
885,1738,exon,0.0969591836734694
886,1739,exon,0.0968622448979592
887,1740,exon,0.09676530612244898
888,1741,exon,0.09666666666666665
889,1742,exon,0.09656292517006802
890,1743,exon,0.09646428571428572
891,1744,exon,0.09636394557823129
892,1745,exon,0.09626190476190476
893,1746,exon,0.09615986394557823
894,1747,exon,0.0960578231292517
895,1748,exon,0.09596258503401361
896,1749,exon,0.09587414965986395
897,1750,exon,0.09577891156462584
898,1751,exon,0.09568367346938776
899,1752,exon,0.09559013605442178
900,1753,exon,0.0955
901,1754,exon,0.09540816326530611
902,1755,exon,0.09531972789115646
903,1756,exon,0.09522789115646259
904,1757,exon,0.0951360544217687
905,1758,exon,0.09504591836734694
906,1759,exon,0.09495238095238095
907,1760,exon,0.09485714285714286
908,1761,exon,0.09476190476190476
909,1762,exon,0.09466666666666668
910,1763,exon,0.09457142857142857
911,1764,exon,0.09447448979591837
912,1765,exon,0.09437925170068028
913,1766,exon,0.09427721088435373
914,1767,exon,0.09417176870748298
915,1768,exon,0.09406632653061224
916,1769,exon,0.09395578231292517
917,1770,exon,0.0938469387755102
918,1771,exon,0.09374489795918367
919,1772,exon,0.09364115646258503
920,1773,exon,0.09354251700680272
921,1774,exon,0.0934421768707483
922,1775,exon,0.0933452380952381
923,1776,exon,0.09324829931972789
924,1777,exon,0.09314965986394559
925,1778,exon,0.09304931972789116
926,1779,exon,0.09294897959183675
927,1780,exon,0.092843537414966
928,1781,exon,0.09273469387755102
929,1782,exon,0.09263095238095238
930,1783,exon,0.09252551020408163
931,1784,exon,0.0924200680272109
932,1785,exon,0.09231632653061225
933,1786,exon,0.09220918367346939
934,1787,exon,0.09210714285714285
935,1788,exon,0.09200850340136055
936,1789,exon,0.09191156462585034
937,1790,exon,0.09181632653061224
938,1791,exon,0.0917295918367347
939,1792,exon,0.09164625850340136
940,1793,exon,0.09156122448979592
941,1794,exon,0.09147108843537416
942,1795,exon,0.09138605442176871
943,1796,exon,0.09129931972789114
944,1797,exon,0.0912108843537415
945,1798,exon,0.09112414965986394
946,1799,exon,0.09103231292517006
947,1800,exon,0.0909438775510204
948,1801,exon,0.09085374149659864
949,1802,exon,0.09076870748299319
950,1803,exon,0.09068877551020407
951,1804,exon,0.09061224489795919
952,1805,exon,0.09053571428571429
953,1806,exon,0.0904608843537415
954,1807,exon,0.0903843537414966
955,1808,exon,0.09030782312925169
956,1809,exon,0.0902295918367347
957,1810,exon,0.09014965986394559
958,1811,exon,0.09006462585034014
959,1812,exon,0.08998299319727891
960,1813,exon,0.08989965986394557
961,1814,exon,0.08981632653061225
962,1815,exon,0.08973299319727891
963,1816,exon,0.0896530612244898
964,1817,exon,0.08957312925170069
965,1818,exon,0.08949149659863946
966,1819,exon,0.08940816326530612
967,1820,exon,0.08932312925170069
968,1821,exon,0.08923299319727891
969,1822,exon,0.08914285714285713
970,1823,exon,0.0890578231292517
971,1824,exon,0.08896598639455781
972,1825,exon,0.08887414965986394
973,1826,exon,0.08877891156462585
974,1827,exon,0.08868197278911565
975,1828,exon,0.08858163265306122
976,1829,exon,0.08847959183673469
977,1830,exon,0.08837585034013605
978,1831,exon,0.08827551020408163
979,1832,exon,0.08816666666666666
980,1833,exon,0.08806462585034014
981,1834,exon,0.08796088435374151
982,1835,exon,0.08785884353741497
983,1836,exon,0.08776020408163265
984,1837,exon,0.08765986394557822
985,1838,exon,0.0875578231292517
986,1839,exon,0.08745408163265307
987,1840,exon,0.08735374149659865
988,1841,exon,0.08725510204081632
989,1842,exon,0.08716156462585034
990,1843,exon,0.08706632653061225
991,1844,exon,0.08697108843537416
992,1845,exon,0.08687925170068027
993,1846,exon,0.08678571428571427
994,1847,exon,0.08669557823129251
995,1848,exon,0.08660374149659864
996,1849,exon,0.0865204081632653
997,1850,exon,0.08643367346938775
998,1851,exon,0.0863469387755102
999,1852,exon,0.08626360544217687
1000,1853,exon,0.08617687074829931
1001,1854,exon,0.0860952380952381
1002,1855,exon,0.08601700680272109
1003,1856,exon,0.08594387755102041
1004,1857,exon,0.08587414965986395
1005,1858,exon,0.08580442176870748
1006,1859,exon,0.08574319727891157
1007,1860,exon,0.08567857142857144
1008,1861,exon,0.08561054421768706
1009,1862,exon,0.08554421768707482
1010,1863,exon,0.08547448979591837
1011,1864,exon,0.08540646258503401
1012,1865,exon,0.08533843537414966
1013,1866,exon,0.08527380952380952
1014,1867,exon,0.0852091836734694
1015,1868,exon,0.08514285714285715
1016,1869,exon,0.08507823129251701
1017,1870,exon,0.08501020408163265
1018,1871,exon,0.0849421768707483
1019,1872,exon,0.08487585034013606
1020,1873,exon,0.08481632653061225
1021,1874,exon,0.08476020408163265
1022,1875,exon,0.0847091836734694
1023,1876,exon,0.08465986394557824
1024,1877,exon,0.08460714285714287
1025,1878,exon,0.0845578231292517
1026,1879,exon,0.08450510204081632
1027,1880,exon,0.08445238095238095
1028,1881,exon,0.08439455782312927
1029,1882,exon,0.08433673469387755
1030,1883,exon,0.08427380952380951
1031,1884,exon,0.0842108843537415
1032,1885,exon,0.08414795918367346
1033,1886,exon,0.0840986394557823
1034,1887,exon,0.08404761904761905
1035,1888,exon,0.0839982993197279
1036,1889,exon,0.08395238095238095
1037,1890,exon,0.08390816326530613
1038,1891,exon,0.08385714285714287
1039,1892,exon,0.08380612244897959
1040,1893,exon,0.08375340136054421
1041,1894,exon,0.08370408163265305
1042,1895,exon,0.08365306122448979
1043,1896,exon,0.0835969387755102
1044,1897,exon,0.08354251700680271
1045,1898,exon,0.08348299319727892
1046,1899,exon,0.0834251700680272
1047,1900,exon,0.08336734693877551
1048,1901,exon,0.08330612244897961
1049,1902,exon,0.08324489795918368
1050,1903,exon,0.08318537414965985
1051,1904,exon,0.08312244897959184
1052,1905,exon,0.08306462585034013
1053,1906,exon,0.08300680272108843
1054,1907,exon,0.08295068027210883
1055,1908,exon,0.08289455782312925
1056,1909,exon,0.08283673469387755
1057,1910,exon,0.08277380952380951
1058,1911,exon,0.08271428571428571
1059,1912,exon,0.08265136054421769
1060,1913,exon,0.08259013605442178
1061,1914,exon,0.08252721088435373
1062,1915,exon,0.08247108843537415
1063,1916,exon,0.08241496598639456
1064,1917,exon,0.08235374149659865
1065,1918,exon,0.0822908163265306
1066,1919,exon,0.08222619047619048
1067,1920,exon,0.08216326530612245
1068,1921,exon,0.08210204081632654
1069,1922,exon,0.08204421768707483
1070,1923,exon,0.08198639455782314
1071,1924,exon,0.08193537414965986
1072,1925,exon,0.0818843537414966
1073,1926,exon,0.08183163265306123
1074,1927,exon,0.0
1075,1928,exon,0.0
1076,1929,exon,0.0
1077,1930,exon,0.0
1078,1931,exon,0.0
1079,1932,exon,0.0
1080,1933,exon,0.0
1081,1934,exon,0.0
1082,1935,exon,0.0
1083,1936,exon,0.0
1084,1937,exon,0.0
1085,1938,exon,0.0
1086,1939,exon,0.0
1087,1940,exon,0.0
1088,1941,exon,0.0
1089,1942,exon,0.0
1090,1943,exon,0.0
1091,1944,exon,0.0
1092,1945,exon,0.0
1093,1946,exon,0.0
1094,1947,exon,0.0
1095,1948,exon,0.0
1096,1949,exon,0.0
1097,1950,exon,0.0
1098,1951,exon,0.0
1099,1952,exon,0.0
1100,1953,exon,0.0
1101,1954,exon,0.0
1102,1955,exon,0.0
1103,1956,exon,0.0
1104,1957,exon,0.0
1105,1958,exon,0.0
1106,1959,exon,0.0
1107,1960,exon,0.0
1108,1961,exon,0.0
1109,1962,exon,0.0
1110,1963,exon,0.0
1111,1964,exon,0.0
1112,1965,exon,0.0
1113,1966,exon,0.0
1114,1967,exon,0.0
1115,1968,exon,0.0
1116,1969,exon,0.0
1117,1970,exon,0.0
1118,1971,exon,0.0
1119,1972,exon,0.0
1120,1973,exon,0.0
1121,1974,exon,0.0
1122,1975,exon,0.0
1123,1976,exon,0.0
1124,1977,exon,0.0
1125,1978,exon,0.0
1126,1979,exon,0.0
1127,1980,exon,0.0
1128,1981,exon,0.0
1129,1982,exon,0.0
1130,1983,exon,0.0
1131,1984,exon,0.0
1132,1985,exon,0.0
1133,1986,exon,0.0
1134,1987,exon,0.0
1135,1988,exon,0.0
1136,1989,exon,0.0
1137,1990,exon,0.0
1138,1991,exon,0.0
1139,1992,exon,0.0
1140,1993,exon,0.0
1141,1994,exon,0.0
1142,1995,exon,0.0
1143,1996,exon,0.0
1144,1997,exon,0.0
1145,1998,exon,0.0
1146,1999,exon,0.0
1147,853,intron,0.0
1148,854,intron,0.0
1149,855,intron,0.0
1150,856,intron,0.0
1151,857,intron,0.0
1152,858,intron,0.0
1153,859,intron,0.0
1154,860,intron,0.0
1155,861,intron,0.0
1156,862,intron,0.0
1157,863,intron,0.0
1158,864,intron,0.0
1159,865,intron,0.0
1160,866,intron,0.0
1161,867,intron,0.0
1162,868,intron,0.0
1163,869,intron,0.0
1164,870,intron,0.0
1165,871,intron,0.0
1166,872,intron,0.0
1167,873,intron,0.0
1168,874,intron,0.0
1169,875,intron,0.0
1170,876,intron,0.0
1171,877,intron,0.0
1172,878,intron,0.0
1173,879,intron,0.0
1174,880,intron,0.0
1175,881,intron,0.0
1176,882,intron,0.0
1177,883,intron,0.0
1178,884,intron,0.0
1179,885,intron,0.0
1180,886,intron,0.0
1181,887,intron,0.0
1182,888,intron,0.0
1183,889,intron,0.0
1184,890,intron,0.0
1185,891,intron,0.0
1186,892,intron,0.0
1187,893,intron,0.0
1188,894,intron,0.0
1189,895,intron,0.0
1190,896,intron,0.0
1191,897,intron,0.0
1192,898,intron,0.0
1193,899,intron,0.0
1194,900,intron,0.0
1195,901,intron,0.0
1196,902,intron,0.0
1197,903,intron,0.0
1198,904,intron,0.0
1199,905,intron,0.0
1200,906,intron,0.0
1201,907,intron,0.0
1202,908,intron,0.0
1203,909,intron,0.0
1204,910,intron,0.0
1205,911,intron,0.0
1206,912,intron,0.0
1207,913,intron,0.0
1208,914,intron,0.0
1209,915,intron,0.0
1210,916,intron,0.0
1211,917,intron,0.0
1212,918,intron,0.0
1213,919,intron,0.0
1214,920,intron,0.0
1215,921,intron,0.0
1216,922,intron,0.0
1217,923,intron,0.0
1218,924,intron,0.0
1219,925,intron,0.0
1220,926,intron,0.0
1221,927,intron,0.0
1222,928,intron,0.0
1223,929,intron,0.0
1224,930,intron,0.0
1225,931,intron,1.7006802721088434e-06
1226,932,intron,3.401360544217687e-06
1227,933,intron,5.10204081632653e-06
1228,934,intron,6.802721088435374e-06
1229,935,intron,1.0204081632653063e-05
1230,936,intron,1.530612244897959e-05
1231,937,intron,2.040816326530612e-05
1232,938,intron,2.551020408163265e-05
1233,939,intron,3.401360544217687e-05
1234,940,intron,4.251700680272109e-05
1235,941,intron,5.102040816326531e-05
1236,942,intron,6.122448979591836e-05
1237,943,intron,7.312925170068027e-05
1238,944,intron,8.673469387755104e-05
1239,945,intron,0.00010204081632653062
1240,946,intron,0.00012074829931972789
1241,947,intron,0.000141156462585034
1242,948,intron,0.00016496598639455782
1243,949,intron,0.00018877551020408161
1244,950,intron,0.00021768707482993198
1245,951,intron,0.0002517006802721088
1246,952,intron,0.0002942176870748299
1247,953,intron,0.0003486394557823129
1248,954,intron,0.0004098639455782312
1249,955,intron,0.000477891156462585
1250,956,intron,0.0005493197278911564
1251,957,intron,0.0006326530612244898
1252,958,intron,0.0007261904761904762
1253,959,intron,0.0008265306122448979
1254,960,intron,0.0009353741496598639
1255,961,intron,0.0010544217687074831
1256,962,intron,0.0011819727891156464
1257,963,intron,0.0013282312925170067
1258,964,intron,0.0014795918367346938
1259,965,intron,0.001639455782312925
1260,966,intron,0.0018095238095238093
1261,967,intron,0.001993197278911565
1262,968,intron,0.002195578231292517
1263,969,intron,0.00241156462585034
1264,970,intron,0.002644557823129252
1265,971,intron,0.0028945578231292517
1266,972,intron,0.003163265306122449
1267,973,intron,0.0034489795918367346
1268,974,intron,0.0037517006802721088
1269,975,intron,0.004078231292517007
1270,976,intron,0.004428571428571428
1271,977,intron,0.004797619047619047
1272,978,intron,0.005192176870748299
1273,979,intron,0.005613945578231292
1274,980,intron,0.006066326530612245
1275,981,intron,0.006539115646258503
1276,982,intron,0.007040816326530612
1277,983,intron,0.007566326530612246
1278,984,intron,0.008110544217687074
1279,985,intron,0.008680272108843538
1280,986,intron,0.009275510204081634
1281,987,intron,0.009904761904761906
1282,988,intron,0.0105578231292517
1283,989,intron,0.011222789115646259
1284,990,intron,0.011904761904761906
1285,991,intron,0.012605442176870749
1286,992,intron,0.013328231292517007
1287,993,intron,0.014069727891156463
1288,994,intron,0.014821428571428572
1289,995,intron,0.015596938775510204
1290,996,intron,0.016387755102040814
1291,997,intron,0.017197278911564622
1292,998,intron,0.01804421768707483
1293,999,intron,0.018914965986394555
1294,1000,intron,0.0198078231292517
1295,1001,intron,0.020726190476190474
1296,1002,intron,0.021668367346938777
1297,1003,intron,0.022646258503401358
1298,1004,intron,0.02364115646258503
1299,1005,intron,0.024656462585034015
1300,1006,intron,0.02569557823129252
1301,1007,intron,0.02676190476190476
1302,1008,intron,0.027853741496598642
1303,1009,intron,0.02897108843537415
1304,1010,intron,0.030120748299319728
1305,1011,intron,0.031287414965986395
1306,1012,intron,0.03248639455782312
1307,1013,intron,0.03370238095238095
1308,1014,intron,0.03494047619047619
1309,1015,intron,0.03619047619047619
1310,1016,intron,0.037465986394557824
1311,1017,intron,0.0387704081632653
1312,1018,intron,0.040105442176870745
1313,1019,intron,0.04146938775510204
1314,1020,intron,0.042846938775510206
1315,1021,intron,0.04425340136054422
1316,1022,intron,0.04569897959183673
1317,1023,intron,0.04718197278911565
1318,1024,intron,0.048697278911564626
1319,1025,intron,0.05023639455782313
1320,1026,intron,0.0518078231292517
1321,1027,intron,0.053406462585034016
1322,1028,intron,0.055022108843537414
1323,1029,intron,0.05665136054421768
1324,1030,intron,0.05830442176870748
1325,1031,intron,0.059981292517006804
1326,1032,intron,0.06168877551020408
1327,1033,intron,0.06341156462585035
1328,1034,intron,0.06516156462585034
1329,1035,intron,0.06693877551020408
1330,1036,intron,0.0687482993197279
1331,1037,intron,0.07057993197278913
1332,1038,intron,0.07242517006802722
1333,1039,intron,0.07429251700680273
1334,1040,intron,0.07618537414965987
1335,1041,intron,0.07810204081632653
1336,1042,intron,0.08004591836734692
1337,1043,intron,0.08201530612244898
1338,1044,intron,0.08400170068027212
1339,1045,intron,0.086
1340,1046,intron,0.08801700680272108
1341,1047,intron,0.09004761904761906
1342,1048,intron,0.09210034013605442
1343,1049,intron,0.09417176870748299
1344,1050,intron,0.0962687074829932
1345,1051,intron,0.09838945578231294
1346,1052,intron,0.10053061224489795
1347,1053,intron,0.10268877551020407
1348,1054,intron,0.10487244897959183
1349,1055,intron,0.107078231292517
1350,1056,intron,0.10930952380952381
1351,1057,intron,0.11156122448979591
1352,1058,intron,0.11383843537414966
1353,1059,intron,0.11615136054421768
1354,1060,intron,0.11848809523809524
1355,1061,intron,0.1208469387755102
1356,1062,intron,0.12323809523809523
1357,1063,intron,0.12564455782312925
1358,1064,intron,0.12807142857142859
1359,1065,intron,0.13051020408163266
1360,1066,intron,0.13296258503401362
1361,1067,intron,0.1354421768707483
1362,1068,intron,0.13794387755102042
1363,1069,intron,0.14046598639455782
1364,1070,intron,0.14301020408163267
1365,1071,intron,0.14556632653061222
1366,1072,intron,0.14814625850340135
1367,1073,intron,0.15075680272108843
1368,1074,intron,0.15339965986394558
1369,1075,intron,0.15606972789115645
1370,1076,intron,0.15876020408163266
1371,1077,intron,0.16146768707482995
1372,1078,intron,0.16419897959183674
1373,1079,intron,0.16694897959183672
1374,1080,intron,0.16971938775510204
1375,1081,intron,0.1725034013605442
1376,1082,intron,0.1753078231292517
1377,1083,intron,0.1781360544217687
1378,1084,intron,0.18098469387755103
1379,1085,intron,0.18386054421768708
1380,1086,intron,0.18675510204081633
1381,1087,intron,0.18968197278911567
1382,1088,intron,0.19263265306122448
1383,1089,intron,0.19559523809523807
1384,1090,intron,0.19857482993197278
1385,1091,intron,0.20157482993197276
1386,1092,intron,0.20459353741496597
1387,1093,intron,0.20762244897959184
1388,1094,intron,0.2106649659863946
1389,1095,intron,0.21373469387755104
1390,1096,intron,0.21682142857142855
1391,1097,intron,0.21991326530612243
1392,1098,intron,0.22301360544217685
1393,1099,intron,0.22612244897959183
1394,1100,intron,0.22924319727891157
1395,1101,intron,0.2323707482993197
1396,1102,intron,0.23551020408163265
1397,1103,intron,0.23866666666666667
1398,1104,intron,0.24182142857142855
1399,1105,intron,0.2449897959183673
1400,1106,intron,0.24817687074829933
1401,1107,intron,0.2513639455782313
1402,1108,intron,0.25455272108843535
1403,1109,intron,0.25775
1404,1110,intron,0.260937074829932
1405,1111,intron,0.2641377551020408
1406,1112,intron,0.2673486394557823
1407,1113,intron,0.2705697278911565
1408,1114,intron,0.27379251700680274
1409,1115,intron,0.2770238095238095
1410,1116,intron,0.28026020408163266
1411,1117,intron,0.28348809523809526
1412,1118,intron,0.28671938775510203
1413,1119,intron,0.2899506802721088
1414,1120,intron,0.2931802721088435
1415,1121,intron,0.29640816326530617
1416,1122,intron,0.29962755102040817
1417,1123,intron,0.3028384353741496
1418,1124,intron,0.3060442176870749
1419,1125,intron,0.309234693877551
1420,1126,intron,0.312406462585034
1421,1127,intron,0.3155527210884354
1422,1128,intron,0.3187006802721088
1423,1129,intron,0.321843537414966
1424,1130,intron,0.3249829931972789
1425,1131,intron,0.328125850340136
1426,1132,intron,0.3312653061224489
1427,1133,intron,0.3343894557823129
1428,1134,intron,0.3374982993197279
1429,1135,intron,0.3405884353741496
1430,1136,intron,0.34368027210884355
1431,1137,intron,0.34677721088435376
1432,1138,intron,0.34987755102040813
1433,1139,intron,0.35296768707482995
1434,1140,intron,0.35605782312925166
1435,1141,intron,0.35914965986394554
1436,1142,intron,0.36222448979591837
1437,1143,intron,0.36529761904761904
1438,1144,intron,0.3683639455782313
1439,1145,intron,0.3714098639455782
1440,1146,intron,0.37444557823129254
1441,1147,intron,0.37746768707482997
1442,1148,intron,0.3804863945578231
1443,1149,intron,0.3834982993197279
1444,1150,intron,0.3864812925170068
1445,1151,intron,0.3894625850340136
1446,1152,intron,0.3924404761904762
1447,1153,intron,0.39540646258503404
1448,1154,intron,0.3983639455782313
1449,1155,intron,0.4013095238095238
1450,1156,intron,0.4042465986394558
1451,1157,intron,0.40716156462585035
1452,1158,intron,0.4100816326530612
1453,1159,intron,0.4129795918367347
1454,1160,intron,0.41586734693877553
1455,1161,intron,0.41874319727891157
1456,1162,intron,0.42162244897959184
1457,1163,intron,0.4244914965986394
1458,1164,intron,0.4273384353741496
1459,1165,intron,0.4301666666666667
1460,1166,intron,0.43297448979591835
1461,1167,intron,0.4357755102040816
1462,1168,intron,0.4385493197278912
1463,1169,intron,0.44129421768707483
1464,1170,intron,0.4440119047619047
1465,1171,intron,0.4467057823129252
1466,1172,intron,0.4493962585034013
1467,1173,intron,0.45207142857142857
1468,1174,intron,0.45473979591836733
1469,1175,intron,0.4574030612244898
1470,1176,intron,0.4600544217687075
1471,1177,intron,0.46269557823129254
1472,1178,intron,0.4653163265306122
1473,1179,intron,0.46791666666666665
1474,1180,intron,0.4705051020408163
1475,1181,intron,0.47307482993197275
1476,1182,intron,0.47563095238095243
1477,1183,intron,0.47816326530612246
1478,1184,intron,0.480687074829932
1479,1185,intron,0.48320578231292516
1480,1186,intron,0.4857159863945578
1481,1187,intron,0.48821088435374155
1482,1188,intron,0.4906904761904761
1483,1189,intron,0.4931462585034013
1484,1190,intron,0.4955816326530612
1485,1191,intron,0.4980034013605442
1486,1192,intron,0.500421768707483
1487,1193,intron,0.5028299319727891
1488,1194,intron,0.5052363945578231
1489,1195,intron,0.5076275510204082
1490,1196,intron,0.5100102040816327
1491,1197,intron,0.5123707482993197
1492,1198,intron,0.5147125850340135
1493,1199,intron,0.5170493197278913
1494,1200,intron,0.5193775510204082
1495,1201,intron,0.5216904761904761
1496,1202,intron,0.5239880952380952
1497,1203,intron,0.5262738095238096
1498,1204,intron,0.5285527210884354
1499,1205,intron,0.530812925170068
1500,1206,intron,0.5330442176870748
1501,1207,intron,0.5352568027210884
1502,1208,intron,0.537469387755102
1503,1209,intron,0.5396598639455782
1504,1210,intron,0.5418418367346939
1505,1211,intron,0.5440017006802721
1506,1212,intron,0.5461615646258504
1507,1213,intron,0.5483078231292516
1508,1214,intron,0.5504387755102041
1509,1215,intron,0.5525561224489797
1510,1216,intron,0.5546598639455783
1511,1217,intron,0.5567414965986394
1512,1218,intron,0.5588163265306123
1513,1219,intron,0.5608707482993196
1514,1220,intron,0.5629030612244897
1515,1221,intron,0.5649132653061224
1516,1222,intron,0.5669098639455783
1517,1223,intron,0.5688962585034014
1518,1224,intron,0.5708707482993197
1519,1225,intron,0.5728367346938776
1520,1226,intron,0.574795918367347
1521,1227,intron,0.5767397959183673
1522,1228,intron,0.5786768707482993
1523,1229,intron,0.5806054421768707
1524,1230,intron,0.582515306122449
1525,1231,intron,0.5844098639455783
1526,1232,intron,0.5862840136054421
1527,1233,intron,0.5881428571428571
1528,1234,intron,0.5899761904761905
1529,1235,intron,0.591795918367347
1530,1236,intron,0.5936122448979593
1531,1237,intron,0.5954132653061224
1532,1238,intron,0.5971972789115646
1533,1239,intron,0.5989608843537415
1534,1240,intron,0.6007125850340136
1535,1241,intron,0.602452380952381
1536,1242,intron,0.6041666666666666
1537,1243,intron,0.6058673469387754
1538,1244,intron,0.6075680272108843
1539,1245,intron,0.6092653061224489
1540,1246,intron,0.6109489795918367
1541,1247,intron,0.6126156462585034
1542,1248,intron,0.6142772108843537
1543,1249,intron,0.6159251700680273
1544,1250,intron,0.6175612244897959
1545,1251,intron,0.6191938775510205
1546,1252,intron,0.6208146258503402
1547,1253,intron,0.6224217687074829
1548,1254,intron,0.6240289115646259
1549,1255,intron,0.6256258503401362
1550,1256,intron,0.6272159863945578
1551,1257,intron,0.6288044217687074
1552,1258,intron,0.6303843537414966
1553,1259,intron,0.6319608843537414
1554,1260,intron,0.6335255102040817
1555,1261,intron,0.6350731292517006
1556,1262,intron,0.6366037414965987
1557,1263,intron,0.6381173469387755
1558,1264,intron,0.6396309523809524
1559,1265,intron,0.6411275510204082
1560,1266,intron,0.6426071428571429
1561,1267,intron,0.6440816326530612
1562,1268,intron,0.6455493197278911
1563,1269,intron,0.6470136054421769
1564,1270,intron,0.6484761904761903
1565,1271,intron,0.6499302721088435
1566,1272,intron,0.6513792517006802
1567,1273,intron,0.6528282312925171
1568,1274,intron,0.6542653061224489
1569,1275,intron,0.655687074829932
1570,1276,intron,0.6570952380952381
1571,1277,intron,0.6584829931972789
1572,1278,intron,0.6598520408163265
1573,1279,intron,0.6612108843537414
1574,1280,intron,0.6625629251700681
1575,1281,intron,0.663908163265306
1576,1282,intron,0.665248299319728
1577,1283,intron,0.6665833333333334
1578,1284,intron,0.6678979591836735
1579,1285,intron,0.6691972789115646
1580,1286,intron,0.6704880952380952
1581,1287,intron,0.6717619047619048
1582,1288,intron,0.6730306122448979
1583,1289,intron,0.674299319727891
1584,1290,intron,0.6755561224489796
1585,1291,intron,0.6768146258503401
1586,1292,intron,0.6780595238095238
1587,1293,intron,0.6792908163265307
1588,1294,intron,0.6805119047619048
1589,1295,intron,0.6817159863945579
1590,1296,intron,0.6829013605442176
1591,1297,intron,0.6840850340136055
1592,1298,intron,0.6852568027210885
1593,1299,intron,0.6864183673469388
1594,1300,intron,0.6875680272108844
1595,1301,intron,0.6887074829931974
1596,1302,intron,0.689841836734694
1597,1303,intron,0.6909625850340136
1598,1304,intron,0.6920816326530612
1599,1305,intron,0.6931768707482993
1600,1306,intron,0.6942653061224491
1601,1307,intron,0.6953469387755102
1602,1308,intron,0.6964285714285713
1603,1309,intron,0.6975017006802721
1604,1310,intron,0.6985578231292517
1605,1311,intron,0.6996139455782313
1606,1312,intron,0.7006683673469388
1607,1313,intron,0.7017176870748298
1608,1314,intron,0.7027670068027211
1609,1315,intron,0.7038163265306123
1610,1316,intron,0.7048605442176871
1611,1317,intron,0.705891156462585
1612,1318,intron,0.7069183673469388
1613,1319,intron,0.7079234693877551
1614,1320,intron,0.7089115646258504
1615,1321,intron,0.7098843537414966
1616,1322,intron,0.7108486394557824
1617,1323,intron,0.7118146258503402
1618,1324,intron,0.7127670068027212
1619,1325,intron,0.7137142857142857
1620,1326,intron,0.7146581632653062
1621,1327,intron,0.7156071428571428
1622,1328,intron,0.7165527210884354
1623,1329,intron,0.7174846938775511
1624,1330,intron,0.7184166666666667
1625,1331,intron,0.7193333333333333
1626,1332,intron,0.7202414965986396
1627,1333,intron,0.721141156462585
1628,1334,intron,0.7220323129251701
1629,1335,intron,0.7229217687074829
1630,1336,intron,0.723811224489796
1631,1337,intron,0.7247091836734694
1632,1338,intron,0.7256122448979593
1633,1339,intron,0.7265068027210885
1634,1340,intron,0.727391156462585
1635,1341,intron,0.7282636054421768
1636,1342,intron,0.7291360544217687
1637,1343,intron,0.730001700680272
1638,1344,intron,0.7308707482993198
1639,1345,intron,0.7317397959183675
1640,1346,intron,0.7325986394557823
1641,1347,intron,0.7334540816326531
1642,1348,intron,0.7343044217687075
1643,1349,intron,0.735158163265306
1644,1350,intron,0.7360068027210884
1645,1351,intron,0.736843537414966
1646,1352,intron,0.7376700680272108
1647,1353,intron,0.7384931972789116
1648,1354,intron,0.7393146258503401
1649,1355,intron,0.7401156462585033
1650,1356,intron,0.7409132653061224
1651,1357,intron,0.7417159863945578
1652,1358,intron,0.7425221088435373
1653,1359,intron,0.7433231292517007
1654,1360,intron,0.7441241496598638
1655,1361,intron,0.7449098639455783
1656,1362,intron,0.7456921768707482
1657,1363,intron,0.7464676870748299
1658,1364,intron,0.74725
1659,1365,intron,0.7480238095238095
1660,1366,intron,0.7487959183673469
1661,1367,intron,0.7495612244897959
1662,1368,intron,0.7503248299319728
1663,1369,intron,0.7510782312925169
1664,1370,intron,0.7518265306122448
1665,1371,intron,0.7525748299319728
1666,1372,intron,0.7533078231292518
1667,1373,intron,0.7540340136054422
1668,1374,intron,0.7547585034013605
1669,1375,intron,0.7554778911564627
1670,1376,intron,0.7561921768707484
1671,1377,intron,0.7569115646258504
1672,1378,intron,0.7576258503401361
1673,1379,intron,0.7583350340136056
1674,1380,intron,0.7590391156462586
1675,1381,intron,0.7597363945578232
1676,1382,intron,0.7604234693877552
1677,1383,intron,0.7610986394557823
1678,1384,intron,0.7617704081632654
1679,1385,intron,0.762437074829932
1680,1386,intron,0.7631054421768707
1681,1387,intron,0.7637738095238096
1682,1388,intron,0.7644370748299321
1683,1389,intron,0.765093537414966
1684,1390,intron,0.765748299319728
1685,1391,intron,0.7663945578231293
1686,1392,intron,0.7670289115646258
1687,1393,intron,0.7676700680272108
1688,1394,intron,0.7683095238095239
1689,1395,intron,0.7689506802721089
1690,1396,intron,0.7695952380952381
1691,1397,intron,0.7702295918367347
1692,1398,intron,0.7708571428571429
1693,1399,intron,0.7714744897959183
1694,1400,intron,0.772078231292517
1695,1401,intron,0.7726785714285714
1696,1402,intron,0.7732874149659864
1697,1403,intron,0.7738877551020408
1698,1404,intron,0.7744812925170067
1699,1405,intron,0.7750748299319727
1700,1406,intron,0.7756547619047619
1701,1407,intron,0.7762295918367347
1702,1408,intron,0.7768078231292517
1703,1409,intron,0.7773860544217687
1704,1410,intron,0.7779659863945578
1705,1411,intron,0.7785340136054422
1706,1412,intron,0.7791071428571429
1707,1413,intron,0.7796819727891157
1708,1414,intron,0.780248299319728
1709,1415,intron,0.7808078231292517
1710,1416,intron,0.7813571428571429
1711,1417,intron,0.7818945578231291
1712,1418,intron,0.7824251700680273
1713,1419,intron,0.7829472789115646
1714,1420,intron,0.7834591836734695
1715,1421,intron,0.7839795918367347
1716,1422,intron,0.7844982993197279
1717,1423,intron,0.7850102040816327
1718,1424,intron,0.7855221088435375
1719,1425,intron,0.7860306122448979
1720,1426,intron,0.7865408163265306
1721,1427,intron,0.7870561224489795
1722,1428,intron,0.7875612244897959
1723,1429,intron,0.7880714285714285
1724,1430,intron,0.7885748299319728
1725,1431,intron,0.7890731292517007
1726,1432,intron,0.7895680272108844
1727,1433,intron,0.7900663265306123
1728,1434,intron,0.7905629251700681
1729,1435,intron,0.791049319727891
1730,1436,intron,0.7915272108843537
1731,1437,intron,0.7920085034013605
1732,1438,intron,0.7924795918367347
1733,1439,intron,0.792954081632653
1734,1440,intron,0.7934268707482993
1735,1441,intron,0.7939030612244897
1736,1442,intron,0.7943775510204082
1737,1443,intron,0.7948520408163265
1738,1444,intron,0.7953299319727891
1739,1445,intron,0.7958044217687075
1740,1446,intron,0.7962823129251702
1741,1447,intron,0.7967653061224489
1742,1448,intron,0.7972346938775511
1743,1449,intron,0.7976955782312926
1744,1450,intron,0.7981530612244899
1745,1451,intron,0.7986054421768707
1746,1452,intron,0.7990629251700679
1747,1453,intron,0.7995221088435374
1748,1454,intron,0.7999795918367347
1749,1455,intron,0.8004251700680273
1750,1456,intron,0.8008673469387756
1751,1457,intron,0.8013129251700679
1752,1458,intron,0.8017585034013605
1753,1459,intron,0.8021972789115647
1754,1460,intron,0.8026343537414966
1755,1461,intron,0.803062925170068
1756,1462,intron,0.8034982993197278
1757,1463,intron,0.8039302721088436
1758,1464,intron,0.8043690476190476
1759,1465,intron,0.8048078231292518
1760,1466,intron,0.805248299319728
1761,1467,intron,0.8056904761904762
1762,1468,intron,0.8061241496598641
1763,1469,intron,0.8065561224489797
1764,1470,intron,0.8069863945578232
1765,1471,intron,0.8074132653061225
1766,1472,intron,0.8078367346938776
1767,1473,intron,0.8082602040816328
1768,1474,intron,0.8086768707482993
1769,1475,intron,0.8090867346938776
1770,1476,intron,0.809501700680272
1771,1477,intron,0.8099081632653061
1772,1478,intron,0.8103197278911564
1773,1479,intron,0.8107312925170067
1774,1480,intron,0.8111428571428572
1775,1481,intron,0.8115578231292518
1776,1482,intron,0.8119693877551021
1777,1483,intron,0.8123826530612246
1778,1484,intron,0.8127857142857143
1779,1485,intron,0.8131819727891156
1780,1486,intron,0.8135799319727891
1781,1487,intron,0.8139778911564627
1782,1488,intron,0.8143860544217688
1783,1489,intron,0.8147942176870749
1784,1490,intron,0.815204081632653
1785,1491,intron,0.8156037414965986
1786,1492,intron,0.8159982993197279
1787,1493,intron,0.816389455782313
1788,1494,intron,0.8167789115646258
1789,1495,intron,0.8171632653061224
1790,1496,intron,0.8175408163265306
1791,1497,intron,0.8179115646258504
1792,1498,intron,0.8182806122448979
1793,1499,intron,0.8186530612244898
1794,1500,intron,0.819017006802721
1795,1501,intron,0.8193775510204082
1796,1502,intron,0.8197414965986394
1797,1503,intron,0.8201037414965987
1798,1504,intron,0.8204557823129252
1799,1505,intron,0.8208078231292517
1800,1506,intron,0.8211530612244898
1801,1507,intron,0.8215
1802,1508,intron,0.8218503401360544
1803,1509,intron,0.8221972789115646
1804,1510,intron,0.822545918367347
1805,1511,intron,0.822889455782313
1806,1512,intron,0.8232363945578232
1807,1513,intron,0.8235850340136054
1808,1514,intron,0.8239353741496599
1809,1515,intron,0.8242789115646257
1810,1516,intron,0.8246190476190476
1811,1517,intron,0.824954081632653
1812,1518,intron,0.8252823129251701
1813,1519,intron,0.8256071428571429
1814,1520,intron,0.8259302721088436
1815,1521,intron,0.8262551020408164
1816,1522,intron,0.8265765306122448
1817,1523,intron,0.8268928571428572
1818,1524,intron,0.827202380952381
1819,1525,intron,0.827515306122449
1820,1526,intron,0.8278333333333333
1821,1527,intron,0.8281547619047619
1822,1528,intron,0.8284727891156463
1823,1529,intron,0.8287942176870748
1824,1530,intron,0.8291139455782314
1825,1531,intron,0.829437074829932
1826,1532,intron,0.8297619047619047
1827,1533,intron,0.8300850340136054
1828,1534,intron,0.8304115646258503
1829,1535,intron,0.83075
1830,1536,intron,0.831093537414966
1831,1537,intron,0.8314370748299319
1832,1538,intron,0.8317789115646259
1833,1539,intron,0.832125850340136
1834,1540,intron,0.8324642857142858
1835,1541,intron,0.8328010204081633
1836,1542,intron,0.8331275510204081
1837,1543,intron,0.8334455782312925
1838,1544,intron,0.8337704081632653
1839,1545,intron,0.8340969387755102
1840,1546,intron,0.8344251700680272
1841,1547,intron,0.8347551020408163
1842,1548,intron,0.8350816326530612
1843,1549,intron,0.8354030612244896
1844,1550,intron,0.8357227891156462
1845,1551,intron,0.8360391156462585
1846,1552,intron,0.8363469387755101
1847,1553,intron,0.8366479591836735
1848,1554,intron,0.8369438775510205
1849,1555,intron,0.837234693877551
1850,1556,intron,0.8375187074829933
1851,1557,intron,0.8378027210884355
1852,1558,intron,0.8380884353741497
1853,1559,intron,0.8383656462585034
1854,1560,intron,0.8386411564625851
1855,1561,intron,0.8389166666666668
1856,1562,intron,0.8391870748299319
1857,1563,intron,0.8394574829931973
1858,1564,intron,0.8397295918367347
1859,1565,intron,0.8400085034013605
1860,1566,intron,0.8402891156462585
1861,1567,intron,0.8405731292517007
1862,1568,intron,0.8408622448979592
1863,1569,intron,0.8411462585034014
1864,1570,intron,0.8414251700680272
1865,1571,intron,0.8417074829931972
1866,1572,intron,0.8419897959183673
1867,1573,intron,0.8422636054421768
1868,1574,intron,0.8425357142857142
1869,1575,intron,0.8428095238095239
1870,1576,intron,0.8430816326530612
1871,1577,intron,0.8433554421768708
1872,1578,intron,0.8436309523809523
1873,1579,intron,0.843906462585034
1874,1580,intron,0.8441768707482993
1875,1581,intron,0.8444506802721088
1876,1582,intron,0.8447278911564626
1877,1583,intron,0.8450085034013605
1878,1584,intron,0.8452857142857142
1879,1585,intron,0.8455612244897959
1880,1586,intron,0.8458316326530612
1881,1587,intron,0.8461071428571428
1882,1588,intron,0.8463809523809525
1883,1589,intron,0.846656462585034
1884,1590,intron,0.8469336734693877
1885,1591,intron,0.8472074829931974
1886,1592,intron,0.8474812925170068
1887,1593,intron,0.8477431972789116
1888,1594,intron,0.8479965986394559
1889,1595,intron,0.8482585034013604
1890,1596,intron,0.8485255102040817
1891,1597,intron,0.848794217687075
1892,1598,intron,0.8490595238095239
1893,1599,intron,0.8493214285714286
1894,1600,intron,0.8495816326530612
1895,1601,intron,0.8498469387755102
1896,1602,intron,0.8501173469387754
1897,1603,intron,0.8503809523809523
1898,1604,intron,0.8506411564625851
1899,1605,intron,0.8508962585034014
1900,1606,intron,0.8511513605442176
1901,1607,intron,0.8514098639455783
1902,1608,intron,0.8516734693877551
1903,1609,intron,0.8519268707482993
1904,1610,intron,0.8521819727891157
1905,1611,intron,0.8524336734693877
1906,1612,intron,0.8526785714285714
1907,1613,intron,0.852921768707483
1908,1614,intron,0.8531649659863946
1909,1615,intron,0.8534132653061224
1910,1616,intron,0.8536615646258504
1911,1617,intron,0.8539098639455782
1912,1618,intron,0.8541598639455782
1913,1619,intron,0.8544132653061225
1914,1620,intron,0.854656462585034
1915,1621,intron,0.8548996598639456
1916,1622,intron,0.8551445578231293
1917,1623,intron,0.8553860544217686
1918,1624,intron,0.8556326530612246
1919,1625,intron,0.855874149659864
1920,1626,intron,0.8561224489795918
1921,1627,intron,0.8563673469387755
1922,1628,intron,0.856608843537415
1923,1629,intron,0.8568469387755102
1924,1630,intron,0.8570816326530613
1925,1631,intron,0.8573129251700681
1926,1632,intron,0.8575425170068027
1927,1633,intron,0.8577687074829933
1928,1634,intron,0.8579948979591837
1929,1635,intron,0.8582159863945579
1930,1636,intron,0.8584302721088436
1931,1637,intron,0.8586445578231293
1932,1638,intron,0.8588622448979593
1933,1639,intron,0.859078231292517
1934,1640,intron,0.8592908163265306
1935,1641,intron,0.8595051020408163
1936,1642,intron,0.8597210884353742
1937,1643,intron,0.8599353741496599
1938,1644,intron,0.860156462585034
1939,1645,intron,0.860375850340136
1940,1646,intron,0.860593537414966
1941,1647,intron,0.8608163265306122
1942,1648,intron,0.8610391156462585
1943,1649,intron,0.8612568027210884
1944,1650,intron,0.86146768707483
1945,1651,intron,0.8616751700680272
1946,1652,intron,0.8618775510204082
1947,1653,intron,0.8620799319727892
1948,1654,intron,0.8622823129251701
1949,1655,intron,0.8624880952380952
1950,1656,intron,0.8626955782312925
1951,1657,intron,0.8629081632653062
1952,1658,intron,0.8631190476190477
1953,1659,intron,0.8633316326530612
1954,1660,intron,0.8635391156462585
1955,1661,intron,0.8637431972789116
1956,1662,intron,0.8639438775510203
1957,1663,intron,0.8641513605442177
1958,1664,intron,0.8643605442176872
1959,1665,intron,0.8645765306122448
1960,1666,intron,0.8647908163265307
1961,1667,intron,0.8650034013605442
1962,1668,intron,0.8652142857142857
1963,1669,intron,0.8654268707482993
1964,1670,intron,0.8656326530612245
1965,1671,intron,0.8658367346938776
1966,1672,intron,0.8660391156462586
1967,1673,intron,0.8662346938775509
1968,1674,intron,0.866423469387755
1969,1675,intron,0.8666207482993198
1970,1676,intron,0.8668146258503401
1971,1677,intron,0.8670085034013606
1972,1678,intron,0.8672006802721088
1973,1679,intron,0.867391156462585
1974,1680,intron,0.8675799319727892
1975,1681,intron,0.8677670068027211
1976,1682,intron,0.8679438775510204
1977,1683,intron,0.8681224489795918
1978,1684,intron,0.8683027210884354
1979,1685,intron,0.8684778911564627
1980,1686,intron,0.8686513605442177
1981,1687,intron,0.8688214285714285
1982,1688,intron,0.8689931972789116
1983,1689,intron,0.8691700680272109
1984,1690,intron,0.8693452380952381
1985,1691,intron,0.869517006802721
1986,1692,intron,0.8696870748299319
1987,1693,intron,0.8698554421768707
1988,1694,intron,0.8700255102040817
1989,1695,intron,0.8701972789115646
1990,1696,intron,0.8703622448979591
1991,1697,intron,0.8705306122448979
1992,1698,intron,0.870702380952381
1993,1699,intron,0.870874149659864
1994,1700,intron,0.8710493197278911
1995,1701,intron,0.8712278911564626
1996,1702,intron,0.8714132653061225
1997,1703,intron,0.871593537414966
1998,1704,intron,0.8717704081632653
1999,1705,intron,0.8719489795918366
2000,1706,intron,0.8721241496598638
2001,1707,intron,0.8723027210884354
2002,1708,intron,0.8724812925170068
2003,1709,intron,0.8726683673469388
2004,1710,intron,0.8728571428571429
2005,1711,intron,0.8730442176870749
2006,1712,intron,0.8732329931972789
2007,1713,intron,0.8734234693877552
2008,1714,intron,0.873608843537415
2009,1715,intron,0.8737874149659863
2010,1716,intron,0.8739642857142857
2011,1717,intron,0.8741411564625851
2012,1718,intron,0.8743163265306123
2013,1719,intron,0.8744931972789116
2014,1720,intron,0.8746649659863945
2015,1721,intron,0.8748316326530612
2016,1722,intron,0.8749948979591836
2017,1723,intron,0.8751547619047619
2018,1724,intron,0.8753112244897959
2019,1725,intron,0.8754710884353742
2020,1726,intron,0.8756292517006803
2021,1727,intron,0.8757925170068027
2022,1728,intron,0.875954081632653
2023,1729,intron,0.8761156462585035
2024,1730,intron,0.8762721088435375
2025,1731,intron,0.8764251700680272
2026,1732,intron,0.8765748299319728
2027,1733,intron,0.8767227891156463
2028,1734,intron,0.8768639455782313
2029,1735,intron,0.8770034013605442
2030,1736,intron,0.8771343537414966
2031,1737,intron,0.8772670068027212
2032,1738,intron,0.8773928571428571
2033,1739,intron,0.8775255102040816
2034,1740,intron,0.8776615646258503
2035,1741,intron,0.8778010204081632
2036,1742,intron,0.8779455782312925
2037,1743,intron,0.8780867346938774
2038,1744,intron,0.8782261904761903
2039,1745,intron,0.8783673469387754
2040,1746,intron,0.8785068027210884
2041,1747,intron,0.8786479591836734
2042,1748,intron,0.878778911564626
2043,1749,intron,0.8789030612244898
2044,1750,intron,0.87903231292517
2045,1751,intron,0.8791666666666667
2046,1752,intron,0.8793010204081634
2047,1753,intron,0.8794302721088436
2048,1754,intron,0.8795578231292517
2049,1755,intron,0.8796836734693877
2050,1756,intron,0.8798129251700679
2051,1757,intron,0.8799421768707483
2052,1758,intron,0.8800680272108843
2053,1759,intron,0.8801972789115646
2054,1760,intron,0.8803265306122449
2055,1761,intron,0.8804557823129252
2056,1762,intron,0.8805765306122448
2057,1763,intron,0.8806938775510205
2058,1764,intron,0.8808078231292517
2059,1765,intron,0.8809200680272109
2060,1766,intron,0.8810408163265306
2061,1767,intron,0.8811649659863946
2062,1768,intron,0.8812891156462586
2063,1769,intron,0.8814166666666666
2064,1770,intron,0.8815408163265306
2065,1771,intron,0.8816598639455782
2066,1772,intron,0.8817857142857142
2067,1773,intron,0.881906462585034
2068,1774,intron,0.8820289115646258
2069,1775,intron,0.8821462585034013
2070,1776,intron,0.882263605442177
2071,1777,intron,0.8823860544217687
2072,1778,intron,0.8825102040816327
2073,1779,intron,0.8826343537414967
2074,1780,intron,0.8827619047619047
2075,1781,intron,0.8828928571428571
2076,1782,intron,0.8830153061224489
2077,1783,intron,0.8831377551020407
2078,1784,intron,0.8832602040816326
2079,1785,intron,0.8833809523809523
2080,1786,intron,0.8835034013605441
2081,1787,intron,0.883624149659864
2082,1788,intron,0.8837431972789116
2083,1789,intron,0.8838622448979593
2084,1790,intron,0.8839795918367347
2085,1791,intron,0.8840901360544218
2086,1792,intron,0.8841989795918368
2087,1793,intron,0.8843112244897959
2088,1794,intron,0.8844285714285715
2089,1795,intron,0.8845408163265306
2090,1796,intron,0.8846564625850339
2091,1797,intron,0.8847704081632654
2092,1798,intron,0.8848860544217687
2093,1799,intron,0.8850068027210884
2094,1800,intron,0.885125850340136
2095,1801,intron,0.8852448979591837
2096,1802,intron,0.8853571428571428
2097,1803,intron,0.8854693877551021
2098,1804,intron,0.8855765306122448
2099,1805,intron,0.8856836734693877
2100,1806,intron,0.8857857142857142
2101,1807,intron,0.885889455782313
2102,1808,intron,0.8859931972789116
2103,1809,intron,0.8860986394557824
2104,1810,intron,0.886200680272109
2105,1811,intron,0.8863061224489795
2106,1812,intron,0.8864047619047619
2107,1813,intron,0.8865051020408163
2108,1814,intron,0.8866020408163265
2109,1815,intron,0.8866989795918367
2110,1816,intron,0.8867925170068027
2111,1817,intron,0.886887755102041
2112,1818,intron,0.886982993197279
2113,1819,intron,0.8870799319727891
2114,1820,intron,0.8871802721088436
2115,1821,intron,0.8872840136054422
2116,1822,intron,0.8873860544217687
2117,1823,intron,0.8874812925170068
2118,1824,intron,0.8875850340136053
2119,1825,intron,0.8876904761904761
2120,1826,intron,0.8878010204081632
2121,1827,intron,0.8879132653061224
2122,1828,intron,0.888030612244898
2123,1829,intron,0.8881479591836735
2124,1830,intron,0.8882653061224489
2125,1831,intron,0.8883792517006802
2126,1832,intron,0.888501700680272
2127,1833,intron,0.8886190476190475
2128,1834,intron,0.8887363945578232
2129,1835,intron,0.8888537414965986
2130,1836,intron,0.8889659863945578
2131,1837,intron,0.8890833333333332
2132,1838,intron,0.8892006802721089
2133,1839,intron,0.8893180272108844
2134,1840,intron,0.8894336734693877
2135,1841,intron,0.8895493197278911
2136,1842,intron,0.8896598639455782
2137,1843,intron,0.8897738095238094
2138,1844,intron,0.8898877551020408
2139,1845,intron,0.89
2140,1846,intron,0.8901122448979591
2141,1847,intron,0.8902227891156462
2142,1848,intron,0.8903316326530613
2143,1849,intron,0.8904336734693877
2144,1850,intron,0.8905391156462585
2145,1851,intron,0.8906428571428572
2146,1852,intron,0.8907431972789116
2147,1853,intron,0.8908486394557823
2148,1854,intron,0.8909455782312925
2149,1855,intron,0.8910391156462586
2150,1856,intron,0.891125850340136
2151,1857,intron,0.8912074829931972
2152,1858,intron,0.8912857142857142
2153,1859,intron,0.8913554421768707
2154,1860,intron,0.8914302721088436
2155,1861,intron,0.8915085034013605
2156,1862,intron,0.8915867346938776
2157,1863,intron,0.8916649659863944
2158,1864,intron,0.8917431972789116
2159,1865,intron,0.8918180272108843
2160,1866,intron,0.8918860544217687
2161,1867,intron,0.8919523809523808
2162,1868,intron,0.8920204081632653
2163,1869,intron,0.8920867346938776
2164,1870,intron,0.892154761904762
2165,1871,intron,0.892219387755102
2166,1872,intron,0.8922823129251701
2167,1873,intron,0.8923418367346939
2168,1874,intron,0.8923996598639455
2169,1875,intron,0.892452380952381
2170,1876,intron,0.8925051020408163
2171,1877,intron,0.892562925170068
2172,1878,intron,0.8926207482993198
2173,1879,intron,0.8926836734693878
2174,1880,intron,0.892748299319728
2175,1881,intron,0.8928163265306123
2176,1882,intron,0.8928860544217687
2177,1883,intron,0.8929591836734694
2178,1884,intron,0.8930323129251702
2179,1885,intron,0.8931054421768707
2180,1886,intron,0.8931666666666667
2181,1887,intron,0.8932261904761905
2182,1888,intron,0.8932823129251701
2183,1889,intron,0.8933316326530613
2184,1890,intron,0.893375850340136
2185,1891,intron,0.8934251700680272
2186,1892,intron,0.8934727891156463
2187,1893,intron,0.8935221088435374
2188,1894,intron,0.8935680272108844
2189,1895,intron,0.8936190476190478
2190,1896,intron,0.8936734693877552
2191,1897,intron,0.8937278911564627
2192,1898,intron,0.8937823129251701
2193,1899,intron,0.8938316326530612
2194,1900,intron,0.8938826530612245
2195,1901,intron,0.8939353741496598
2196,1902,intron,0.8939863945578231
2197,1903,intron,0.8940357142857143
2198,1904,intron,0.8940867346938776
2199,1905,intron,0.8941343537414966
2200,1906,intron,0.8941836734693878
2201,1907,intron,0.894234693877551
2202,1908,intron,0.8942857142857142
2203,1909,intron,0.894343537414966
2204,1910,intron,0.894406462585034
2205,1911,intron,0.8944693877551021
2206,1912,intron,0.8945340136054422
2207,1913,intron,0.8945935374149661
2208,1914,intron,0.8946547619047619
2209,1915,intron,0.8947091836734694
2210,1916,intron,0.8947636054421768
2211,1917,intron,0.8948248299319728
2212,1918,intron,0.8948860544217687
2213,1919,intron,0.8949438775510205
2214,1920,intron,0.894998299319728
2215,1921,intron,0.8950544217687074
2216,1922,intron,0.8951088435374149
2217,1923,intron,0.8951632653061224
2218,1924,intron,0.8952125850340136
2219,1925,intron,0.8952619047619048
2220,1926,intron,0.895312925170068
2221,1927,intron,0.0
2222,1928,intron,0.0
2223,1929,intron,0.0
2224,1930,intron,0.0
2225,1931,intron,0.0
2226,1932,intron,0.0
2227,1933,intron,0.0
2228,1934,intron,0.0
2229,1935,intron,0.0
2230,1936,intron,0.0
2231,1937,intron,0.0
2232,1938,intron,0.0
2233,1939,intron,0.0
2234,1940,intron,0.0
2235,1941,intron,0.0
2236,1942,intron,0.0
2237,1943,intron,0.0
2238,1944,intron,0.0
2239,1945,intron,0.0
2240,1946,intron,0.0
2241,1947,intron,0.0
2242,1948,intron,0.0
2243,1949,intron,0.0
2244,1950,intron,0.0
2245,1951,intron,0.0
2246,1952,intron,0.0
2247,1953,intron,0.0
2248,1954,intron,0.0
2249,1955,intron,0.0
2250,1956,intron,0.0
2251,1957,intron,0.0
2252,1958,intron,0.0
2253,1959,intron,0.0
2254,1960,intron,0.0
2255,1961,intron,0.0
2256,1962,intron,0.0
2257,1963,intron,0.0
2258,1964,intron,0.0
2259,1965,intron,0.0
2260,1966,intron,0.0
2261,1967,intron,0.0
2262,1968,intron,0.0
2263,1969,intron,0.0
2264,1970,intron,0.0
2265,1971,intron,0.0
2266,1972,intron,0.0
2267,1973,intron,0.0
2268,1974,intron,0.0
2269,1975,intron,0.0
2270,1976,intron,0.0
2271,1977,intron,0.0
2272,1978,intron,0.0
2273,1979,intron,0.0
2274,1980,intron,0.0
2275,1981,intron,0.0
2276,1982,intron,0.0
2277,1983,intron,0.0
2278,1984,intron,0.0
2279,1985,intron,0.0
2280,1986,intron,0.0
2281,1987,intron,0.0
2282,1988,intron,0.0
2283,1989,intron,0.0
2284,1990,intron,0.0
2285,1991,intron,0.0
2286,1992,intron,0.0
2287,1993,intron,0.0
2288,1994,intron,0.0
2289,1995,intron,0.0
2290,1996,intron,0.0
2291,1997,intron,0.0
2292,1998,intron,0.0
2293,1999,intron,0.0
2294,853,UUTR,0.0
2295,854,UUTR,0.0
2296,855,UUTR,0.0
2297,856,UUTR,0.0
2298,857,UUTR,0.0
2299,858,UUTR,0.0
2300,859,UUTR,0.0
2301,860,UUTR,0.0
2302,861,UUTR,0.0
2303,862,UUTR,0.0
2304,863,UUTR,0.0
2305,864,UUTR,0.0
2306,865,UUTR,0.0
2307,866,UUTR,0.0
2308,867,UUTR,0.0
2309,868,UUTR,0.0
2310,869,UUTR,0.0
2311,870,UUTR,0.0
2312,871,UUTR,0.0
2313,872,UUTR,0.0
2314,873,UUTR,0.0
2315,874,UUTR,0.0
2316,875,UUTR,0.0
2317,876,UUTR,0.0
2318,877,UUTR,0.0
2319,878,UUTR,0.0
2320,879,UUTR,0.0
2321,880,UUTR,0.0
2322,881,UUTR,0.0
2323,882,UUTR,0.0
2324,883,UUTR,0.0
2325,884,UUTR,0.0
2326,885,UUTR,0.0
2327,886,UUTR,0.0
2328,887,UUTR,0.0
2329,888,UUTR,0.0
2330,889,UUTR,0.0
2331,890,UUTR,0.0
2332,891,UUTR,0.0
2333,892,UUTR,0.0
2334,893,UUTR,0.0
2335,894,UUTR,0.0
2336,895,UUTR,0.0
2337,896,UUTR,0.0
2338,897,UUTR,0.0
2339,898,UUTR,0.0
2340,899,UUTR,0.0
2341,900,UUTR,0.0
2342,901,UUTR,0.0
2343,902,UUTR,0.0
2344,903,UUTR,0.0
2345,904,UUTR,0.0
2346,905,UUTR,0.0
2347,906,UUTR,0.0
2348,907,UUTR,0.0
2349,908,UUTR,0.0
2350,909,UUTR,0.0
2351,910,UUTR,0.0
2352,911,UUTR,0.0
2353,912,UUTR,0.0
2354,913,UUTR,0.0
2355,914,UUTR,0.0
2356,915,UUTR,0.0
2357,916,UUTR,0.0
2358,917,UUTR,0.0
2359,918,UUTR,0.0
2360,919,UUTR,0.0
2361,920,UUTR,0.0
2362,921,UUTR,0.0
2363,922,UUTR,0.0
2364,923,UUTR,0.0
2365,924,UUTR,0.0
2366,925,UUTR,0.0
2367,926,UUTR,0.0
2368,927,UUTR,0.00664285714285714
2369,928,UUTR,0.013284013605442171
2370,929,UUTR,0.019920068027210885
2371,930,UUTR,0.026551020408163255
2372,931,UUTR,0.03317687074829931
2373,932,UUTR,0.039790816326530615
2374,933,UUTR,0.046401360544217694
2375,934,UUTR,0.05299999999999998
2376,935,UUTR,0.059590136054421754
2377,936,UUTR,0.06616836734693876
2378,937,UUTR,0.07272278911564627
2379,938,UUTR,0.07925340136054422
2380,939,UUTR,0.0857636054421769
2381,940,UUTR,0.09225
2382,941,UUTR,0.09871258503401359
2383,942,UUTR,0.10515136054421766
2384,943,UUTR,0.11155102040816323
2385,944,UUTR,0.11792346938775508
2386,945,UUTR,0.12426700680272106
2387,946,UUTR,0.1305833333333333
2388,947,UUTR,0.1368707482993197
2389,948,UUTR,0.14311224489795918
2390,949,UUTR,0.14932142857142855
2391,950,UUTR,0.15549489795918367
2392,951,UUTR,0.16162925170068024
2393,952,UUTR,0.16772108843537417
2394,953,UUTR,0.17376360544217687
2395,954,UUTR,0.1797482993197279
2396,955,UUTR,0.18570408163265306
2397,956,UUTR,0.19162585034013602
2398,957,UUTR,0.1974982993197279
2399,958,UUTR,0.20332653061224482
2400,959,UUTR,0.20911904761904762
2401,960,UUTR,0.2148741496598639
2402,961,UUTR,0.2206105442176871
2403,962,UUTR,0.22630442176870744
2404,963,UUTR,0.2319557823129252
2405,964,UUTR,0.23757142857142854
2406,965,UUTR,0.2431479591836735
2407,966,UUTR,0.24869727891156457
2408,967,UUTR,0.2542142857142857
2409,968,UUTR,0.25971088435374146
2410,969,UUTR,0.26518367346938776
2411,970,UUTR,0.2706275510204081
2412,971,UUTR,0.2760408163265306
2413,972,UUTR,0.2814234693877551
2414,973,UUTR,0.2867772108843538
2415,974,UUTR,0.2921037414965987
2416,975,UUTR,0.2974030612244898
2417,976,UUTR,0.3026615646258503
2418,977,UUTR,0.307874149659864
2419,978,UUTR,0.313047619047619
2420,979,UUTR,0.31818707482993197
2421,980,UUTR,0.32328061224489796
2422,981,UUTR,0.3283316326530613
2423,982,UUTR,0.3333350340136055
2424,983,UUTR,0.3383044217687074
2425,984,UUTR,0.343234693877551
2426,985,UUTR,0.34812585034013616
2427,986,UUTR,0.3529727891156463
2428,987,UUTR,0.3577704081632652
2429,988,UUTR,0.3625289115646259
2430,989,UUTR,0.36723979591836736
2431,990,UUTR,0.37191156462585023
2432,991,UUTR,0.37654591836734685
2433,992,UUTR,0.3811309523809524
2434,993,UUTR,0.38567006802721093
2435,994,UUTR,0.3901700680272108
2436,995,UUTR,0.3946360544217687
2437,996,UUTR,0.3990612244897959
2438,997,UUTR,0.4034472789115647
2439,998,UUTR,0.40779421768707474
2440,999,UUTR,0.4121037414965986
2441,1000,UUTR,0.41638945578231296
2442,1001,UUTR,0.4206462585034014
2443,1002,UUTR,0.4248673469387754
2444,1003,UUTR,0.4290374149659864
2445,1004,UUTR,0.433170068027211
2446,1005,UUTR,0.4372619047619048
2447,1006,UUTR,0.4413044217687075
2448,1007,UUTR,0.4453010204081633
2449,1008,UUTR,0.44926870748299325
2450,1009,UUTR,0.45320748299319724
2451,1010,UUTR,0.4571139455782312
2452,1011,UUTR,0.461
2453,1012,UUTR,0.46485544217687086
2454,1013,UUTR,0.46868367346938783
2455,1014,UUTR,0.47248129251700677
2456,1015,UUTR,0.4762534013605442
2457,1016,UUTR,0.4799965986394558
2458,1017,UUTR,0.48370578231292505
2459,1018,UUTR,0.4873894557823129
2460,1019,UUTR,0.49102721088435375
2461,1020,UUTR,0.49464455782312927
2462,1021,UUTR,0.498232993197279
2463,1022,UUTR,0.50178231292517
2464,1023,UUTR,0.5052925170068028
2465,1024,UUTR,0.5087670068027211
2466,1025,UUTR,0.5122227891156461
2467,1026,UUTR,0.5156428571428571
2468,1027,UUTR,0.5190323129251702
2469,1028,UUTR,0.5224030612244899
2470,1029,UUTR,0.5257448979591837
2471,1030,UUTR,0.5290612244897959
2472,1031,UUTR,0.5323503401360544
2473,1032,UUTR,0.535625850340136
2474,1033,UUTR,0.5388724489795919
2475,1034,UUTR,0.5420884353741496
2476,1035,UUTR,0.5452857142857144
2477,1036,UUTR,0.5484455782312925
2478,1037,UUTR,0.5515748299319728
2479,1038,UUTR,0.5546836734693877
2480,1039,UUTR,0.5577738095238095
2481,1040,UUTR,0.5608452380952381
2482,1041,UUTR,0.5638945578231291
2483,1042,UUTR,0.5669132653061224
2484,1043,UUTR,0.5698996598639456
2485,1044,UUTR,0.5728792517006802
2486,1045,UUTR,0.5758384353741497
2487,1046,UUTR,0.5787789115646258
2488,1047,UUTR,0.581704081632653
2489,1048,UUTR,0.5846003401360544
2490,1049,UUTR,0.5874744897959183
2491,1050,UUTR,0.5903248299319728
2492,1051,UUTR,0.5931581632653062
2493,1052,UUTR,0.5959744897959183
2494,1053,UUTR,0.5987721088435374
2495,1054,UUTR,0.6015425170068026
2496,1055,UUTR,0.6042925170068026
2497,1056,UUTR,0.6070187074829931
2498,1057,UUTR,0.6097227891156461
2499,1058,UUTR,0.612406462585034
2500,1059,UUTR,0.6150680272108844
2501,1060,UUTR,0.6176972789115646
2502,1061,UUTR,0.6203027210884354
2503,1062,UUTR,0.622891156462585
2504,1063,UUTR,0.6254608843537416
2505,1064,UUTR,0.628017006802721
2506,1065,UUTR,0.6305493197278912
2507,1066,UUTR,0.6330697278911563
2508,1067,UUTR,0.6355714285714287
2509,1068,UUTR,0.6380578231292516
2510,1069,UUTR,0.6405187074829932
2511,1070,UUTR,0.6429625850340136
2512,1071,UUTR,0.6453877551020407
2513,1072,UUTR,0.6477891156462583
2514,1073,UUTR,0.6501649659863945
2515,1074,UUTR,0.6458809523809524
2516,1075,UUTR,0.6415748299319728
2517,1076,UUTR,0.6372568027210884
2518,1077,UUTR,0.6329319727891156
2519,1078,UUTR,0.6285986394557824
2520,1079,UUTR,0.6242619047619048
2521,1080,UUTR,0.6199166666666668
2522,1081,UUTR,0.6155663265306123
2523,1082,UUTR,0.6112159863945579
2524,1083,UUTR,0.6068656462585034
2525,1084,UUTR,0.6025238095238096
2526,1085,UUTR,0.5981921768707483
2527,1086,UUTR,0.5938673469387754
2528,1087,UUTR,0.5895510204081632
2529,1088,UUTR,0.5852329931972791
2530,1089,UUTR,0.5809217687074829
2531,1090,UUTR,0.5766343537414966
2532,1091,UUTR,0.5723554421768707
2533,1092,UUTR,0.568091836734694
2534,1093,UUTR,0.5638401360544218
2535,1094,UUTR,0.5596037414965986
2536,1095,UUTR,0.5553962585034015
2537,1096,UUTR,0.5512074829931972
2538,1097,UUTR,0.5470323129251701
2539,1098,UUTR,0.5428775510204082
2540,1099,UUTR,0.5387448979591836
2541,1100,UUTR,0.5346428571428572
2542,1101,UUTR,0.5305833333333334
2543,1102,UUTR,0.5265408163265306
2544,1103,UUTR,0.5225153061224489
2545,1104,UUTR,0.5185272108843537
2546,1105,UUTR,0.5145680272108843
2547,1106,UUTR,0.5106258503401361
2548,1107,UUTR,0.5067125850340135
2549,1108,UUTR,0.5028061224489796
2550,1109,UUTR,0.49893197278911566
2551,1110,UUTR,0.4950952380952381
2552,1111,UUTR,0.4912789115646259
2553,1112,UUTR,0.48749489795918366
2554,1113,UUTR,0.4837295918367347
2555,1114,UUTR,0.4799795918367347
2556,1115,UUTR,0.47623639455782313
2557,1116,UUTR,0.47249659863945576
2558,1117,UUTR,0.46877891156462587
2559,1118,UUTR,0.4650850340136054
2560,1119,UUTR,0.46140816326530615
2561,1120,UUTR,0.4577534013605442
2562,1121,UUTR,0.4541156462585034
2563,1122,UUTR,0.4504965986394558
2564,1123,UUTR,0.4469047619047619
2565,1124,UUTR,0.44335034013605445
2566,1125,UUTR,0.4398265306122449
2567,1126,UUTR,0.43632482993197275
2568,1127,UUTR,0.4328622448979592
2569,1128,UUTR,0.4294251700680272
2570,1129,UUTR,0.4260221088435374
2571,1130,UUTR,0.4226394557823129
2572,1131,UUTR,0.4192925170068027
2573,1132,UUTR,0.4159676870748299
2574,1133,UUTR,0.41267857142857145
2575,1134,UUTR,0.40942517006802714
2576,1135,UUTR,0.40619727891156465
2577,1136,UUTR,0.4030051020408163
2578,1137,UUTR,0.39984183673469387
2579,1138,UUTR,0.39669387755102037
2580,1139,UUTR,0.3935833333333334
2581,1140,UUTR,0.3905017006802721
2582,1141,UUTR,0.38744387755102044
2583,1142,UUTR,0.3844183673469388
2584,1143,UUTR,0.3814268707482993
2585,1144,UUTR,0.37846428571428564
2586,1145,UUTR,0.3755340136054422
2587,1146,UUTR,0.3726309523809524
2588,1147,UUTR,0.3697414965986395
2589,1148,UUTR,0.36686734693877554
2590,1149,UUTR,0.3640119047619048
2591,1150,UUTR,0.3612006802721088
2592,1151,UUTR,0.35841326530612244
2593,1152,UUTR,0.3556598639455782
2594,1153,UUTR,0.35294897959183674
2595,1154,UUTR,0.3502687074829932
2596,1155,UUTR,0.3476105442176871
2597,1156,UUTR,0.34497108843537416
2598,1157,UUTR,0.3423486394557823
2599,1158,UUTR,0.3397329931972789
2600,1159,UUTR,0.3371360544217687
2601,1160,UUTR,0.3345578231292517
2602,1161,UUTR,0.3320017006802721
2603,1162,UUTR,0.3294591836734694
2604,1163,UUTR,0.3269387755102041
2605,1164,UUTR,0.32444047619047617
2606,1165,UUTR,0.3219625850340136
2607,1166,UUTR,0.31952380952380954
2608,1167,UUTR,0.317093537414966
2609,1168,UUTR,0.31468707482993197
2610,1169,UUTR,0.3123129251700681
2611,1170,UUTR,0.30997619047619046
2612,1171,UUTR,0.3076700680272109
2613,1172,UUTR,0.3053707482993197
2614,1173,UUTR,0.30309693877551025
2615,1174,UUTR,0.30084523809523805
2616,1175,UUTR,0.2986071428571429
2617,1176,UUTR,0.2963945578231293
2618,1177,UUTR,0.29419217687074833
2619,1178,UUTR,0.29201190476190475
2620,1179,UUTR,0.28983503401360544
2621,1180,UUTR,0.28768197278911567
2622,1181,UUTR,0.28555102040816327
2623,1182,UUTR,0.2834268707482993
2624,1183,UUTR,0.2813333333333334
2625,1184,UUTR,0.2792534013605442
2626,1185,UUTR,0.2771853741496599
2627,1186,UUTR,0.2751326530612245
2628,1187,UUTR,0.27309523809523806
2629,1188,UUTR,0.2710731292517007
2630,1189,UUTR,0.26906972789115646
2631,1190,UUTR,0.26708673469387756
2632,1191,UUTR,0.2651020408163265
2633,1192,UUTR,0.2631360544217687
2634,1193,UUTR,0.26117517006802715
2635,1194,UUTR,0.2592227891156463
2636,1195,UUTR,0.25729591836734694
2637,1196,UUTR,0.2553877551020408
2638,1197,UUTR,0.2534948979591837
2639,1198,UUTR,0.2516122448979592
2640,1199,UUTR,0.24973979591836734
2641,1200,UUTR,0.24788775510204084
2642,1201,UUTR,0.24605442176870748
2643,1202,UUTR,0.24423979591836734
2644,1203,UUTR,0.24244727891156462
2645,1204,UUTR,0.24066666666666667
2646,1205,UUTR,0.23889795918367343
2647,1206,UUTR,0.23714455782312924
2648,1207,UUTR,0.23542006802721088
2649,1208,UUTR,0.2337074829931973
2650,1209,UUTR,0.23200170068027212
2651,1210,UUTR,0.2303078231292517
2652,1211,UUTR,0.22862585034013605
2653,1212,UUTR,0.22695748299319726
2654,1213,UUTR,0.22529251700680275
2655,1214,UUTR,0.22364455782312925
2656,1215,UUTR,0.2220017006802721
2657,1216,UUTR,0.22038265306122448
2658,1217,UUTR,0.21877721088435373
2659,1218,UUTR,0.2171887755102041
2660,1219,UUTR,0.21562244897959187
2661,1220,UUTR,0.2140765306122449
2662,1221,UUTR,0.21254591836734693
2663,1222,UUTR,0.21103571428571427
2664,1223,UUTR,0.20953231292517005
2665,1224,UUTR,0.20803401360544216
2666,1225,UUTR,0.2065425170068027
2667,1226,UUTR,0.2050612244897959
2668,1227,UUTR,0.20358673469387756
2669,1228,UUTR,0.2021207482993197
2670,1229,UUTR,0.20065986394557822
2671,1230,UUTR,0.1992091836734694
2672,1231,UUTR,0.1977721088435374
2673,1232,UUTR,0.196343537414966
2674,1233,UUTR,0.19492857142857142
2675,1234,UUTR,0.1935221088435374
2676,1235,UUTR,0.1921309523809524
2677,1236,UUTR,0.19074659863945578
2678,1237,UUTR,0.18937585034013604
2679,1238,UUTR,0.18801870748299318
2680,1239,UUTR,0.18667346938775511
2681,1240,UUTR,0.18534013605442176
2682,1241,UUTR,0.1840187074829932
2683,1242,UUTR,0.1827091836734694
2684,1243,UUTR,0.18140986394557823
2685,1244,UUTR,0.18012925170068028
2686,1245,UUTR,0.17886564625850343
2687,1246,UUTR,0.17762074829931973
2688,1247,UUTR,0.17638775510204077
2689,1248,UUTR,0.17516326530612247
2690,1249,UUTR,0.17394557823129253
2691,1250,UUTR,0.17274319727891158
2692,1251,UUTR,0.17155102040816325
2693,1252,UUTR,0.17037074829931972
2694,1253,UUTR,0.16920068027210883
2695,1254,UUTR,0.1680357142857143
2696,1255,UUTR,0.16687585034013605
2697,1256,UUTR,0.16572278911564625
2698,1257,UUTR,0.16457142857142856
2699,1258,UUTR,0.1634268707482993
2700,1259,UUTR,0.16228231292517006
2701,1260,UUTR,0.16114455782312925
2702,1261,UUTR,0.1600221088435374
2703,1262,UUTR,0.15890646258503405
2704,1263,UUTR,0.1578095238095238
2705,1264,UUTR,0.1567125850340136
2706,1265,UUTR,0.15562244897959185
2707,1266,UUTR,0.15454591836734693
2708,1267,UUTR,0.15347278911564627
2709,1268,UUTR,0.15240816326530615
2710,1269,UUTR,0.1513469387755102
2711,1270,UUTR,0.15029761904761904
2712,1271,UUTR,0.14925680272108843
2713,1272,UUTR,0.14822108843537415
2714,1273,UUTR,0.14719727891156464
2715,1274,UUTR,0.14618027210884355
2716,1275,UUTR,0.14517687074829932
2717,1276,UUTR,0.14418537414965987
2718,1277,UUTR,0.14320408163265308
2719,1278,UUTR,0.14222448979591837
2720,1279,UUTR,0.14126530612244897
2721,1280,UUTR,0.14030442176870747
2722,1281,UUTR,0.13935204081632654
2723,1282,UUTR,0.13841326530612244
2724,1283,UUTR,0.13748469387755102
2725,1284,UUTR,0.13656462585034013
2726,1285,UUTR,0.13566326530612244
2727,1286,UUTR,0.1347704081632653
2728,1287,UUTR,0.13389115646258504
2729,1288,UUTR,0.1330221088435374
2730,1289,UUTR,0.13214965986394558
2731,1290,UUTR,0.13128061224489795
2732,1291,UUTR,0.13042006802721087
2733,1292,UUTR,0.129562925170068
2734,1293,UUTR,0.12871768707482995
2735,1294,UUTR,0.1278860544217687
2736,1295,UUTR,0.12706462585034015
2737,1296,UUTR,0.12625510204081633
2738,1297,UUTR,0.12545068027210884
2739,1298,UUTR,0.12466156462585033
2740,1299,UUTR,0.12387755102040816
2741,1300,UUTR,0.12309693877551021
2742,1301,UUTR,0.12232823129251702
2743,1302,UUTR,0.12156122448979592
2744,1303,UUTR,0.12080272108843537
2745,1304,UUTR,0.12005782312925169
2746,1305,UUTR,0.1193265306122449
2747,1306,UUTR,0.11860544217687073
2748,1307,UUTR,0.11788945578231293
2749,1308,UUTR,0.11718027210884355
2750,1309,UUTR,0.11648129251700681
2751,1310,UUTR,0.11578911564625849
2752,1311,UUTR,0.11510374149659865
2753,1312,UUTR,0.11441666666666667
2754,1313,UUTR,0.11373299319727892
2755,1314,UUTR,0.11305442176870749
2756,1315,UUTR,0.11237755102040817
2757,1316,UUTR,0.11170238095238097
2758,1317,UUTR,0.11102891156462584
2759,1318,UUTR,0.11036224489795919
2760,1319,UUTR,0.10970748299319728
2761,1320,UUTR,0.10905952380952381
2762,1321,UUTR,0.10842006802721088
2763,1322,UUTR,0.10778061224489795
2764,1323,UUTR,0.10714455782312925
2765,1324,UUTR,0.1065204081632653
2766,1325,UUTR,0.1059013605442177
2767,1326,UUTR,0.10529081632653062
2768,1327,UUTR,0.10468367346938777
2769,1328,UUTR,0.10407993197278913
2770,1329,UUTR,0.10348809523809524
2771,1330,UUTR,0.10289965986394557
2772,1331,UUTR,0.10232823129251699
2773,1332,UUTR,0.10176190476190476
2774,1333,UUTR,0.10119727891156462
2775,1334,UUTR,0.1006343537414966
2776,1335,UUTR,0.10007823129251701
2777,1336,UUTR,0.09953231292517008
2778,1337,UUTR,0.09899489795918368
2779,1338,UUTR,0.09846088435374149
2780,1339,UUTR,0.09792687074829932
2781,1340,UUTR,0.09739965986394558
2782,1341,UUTR,0.09687414965986395
2783,1342,UUTR,0.09635204081632653
2784,1343,UUTR,0.09583163265306123
2785,1344,UUTR,0.09531632653061226
2786,1345,UUTR,0.09480442176870749
2787,1346,UUTR,0.09429251700680273
2788,1347,UUTR,0.09377380952380952
2789,1348,UUTR,0.09326190476190475
2790,1349,UUTR,0.09274829931972789
2791,1350,UUTR,0.09223469387755102
2792,1351,UUTR,0.09173299319727891
2793,1352,UUTR,0.09124149659863946
2794,1353,UUTR,0.09075510204081633
2795,1354,UUTR,0.09026700680272108
2796,1355,UUTR,0.0897908163265306
2797,1356,UUTR,0.08932482993197279
2798,1357,UUTR,0.0888639455782313
2799,1358,UUTR,0.0884047619047619
2800,1359,UUTR,0.08795408163265307
2801,1360,UUTR,0.08751020408163265
2802,1361,UUTR,0.08706632653061225
2803,1362,UUTR,0.0866343537414966
2804,1363,UUTR,0.08620408163265306
2805,1364,UUTR,0.08577380952380952
2806,1365,UUTR,0.0853452380952381
2807,1366,UUTR,0.08491836734693876
2808,1367,UUTR,0.08449829931972791
2809,1368,UUTR,0.08407653061224488
2810,1369,UUTR,0.08365986394557823
2811,1370,UUTR,0.08325170068027211
2812,1371,UUTR,0.08285204081632654
2813,1372,UUTR,0.08245918367346938
2814,1373,UUTR,0.08206462585034015
2815,1374,UUTR,0.08167176870748298
2816,1375,UUTR,0.08128571428571428
2817,1376,UUTR,0.08089965986394557
2818,1377,UUTR,0.08050850340136054
2819,1378,UUTR,0.08011734693877551
2820,1379,UUTR,0.07972619047619048
2821,1380,UUTR,0.07933673469387754
2822,1381,UUTR,0.07895238095238094
2823,1382,UUTR,0.07857482993197279
2824,1383,UUTR,0.07820578231292517
2825,1384,UUTR,0.07783673469387754
2826,1385,UUTR,0.07746938775510205
2827,1386,UUTR,0.07710034013605442
2828,1387,UUTR,0.07673299319727891
2829,1388,UUTR,0.07636564625850341
2830,1389,UUTR,0.07600510204081633
2831,1390,UUTR,0.07564795918367347
2832,1391,UUTR,0.07529251700680271
2833,1392,UUTR,0.07493877551020409
2834,1393,UUTR,0.07458503401360544
2835,1394,UUTR,0.07423639455782313
2836,1395,UUTR,0.07389285714285714
2837,1396,UUTR,0.07355102040816325
2838,1397,UUTR,0.07321088435374151
2839,1398,UUTR,0.07287074829931973
2840,1399,UUTR,0.07253231292517007
2841,1400,UUTR,0.07220238095238095
2842,1401,UUTR,0.07187585034013605
2843,1402,UUTR,0.07155442176870747
2844,1403,UUTR,0.0712312925170068
2845,1404,UUTR,0.07090986394557822
2846,1405,UUTR,0.07059353741496599
2847,1406,UUTR,0.07027891156462585
2848,1407,UUTR,0.06996598639455782
2849,1408,UUTR,0.06965476190476191
2850,1409,UUTR,0.06934693877551021
2851,1410,UUTR,0.06903911564625849
2852,1411,UUTR,0.06873639455782311
2853,1412,UUTR,0.06843027210884356
2854,1413,UUTR,0.06812414965986395
2855,1414,UUTR,0.06781972789115646
2856,1415,UUTR,0.06751700680272109
2857,1416,UUTR,0.06721938775510203
2858,1417,UUTR,0.06692176870748298
2859,1418,UUTR,0.06662074829931973
2860,1419,UUTR,0.06632653061224489
2861,1420,UUTR,0.06603061224489795
2862,1421,UUTR,0.06573469387755103
2863,1422,UUTR,0.0654404761904762
2864,1423,UUTR,0.06514795918367347
2865,1424,UUTR,0.06486054421768708
2866,1425,UUTR,0.06457653061224491
2867,1426,UUTR,0.06428741496598639
2868,1427,UUTR,0.06400850340136054
2869,1428,UUTR,0.06373639455782314
2870,1429,UUTR,0.06346428571428572
2871,1430,UUTR,0.06319387755102042
2872,1431,UUTR,0.06292857142857143
2873,1432,UUTR,0.06266326530612244
2874,1433,UUTR,0.0624030612244898
2875,1434,UUTR,0.06214455782312925
2876,1435,UUTR,0.061886054421768706
2877,1436,UUTR,0.061634353741496596
2878,1437,UUTR,0.06138605442176871
2879,1438,UUTR,0.061137755102040815
2880,1439,UUTR,0.060889455782312925
2881,1440,UUTR,0.06064285714285715
2882,1441,UUTR,0.06039115646258503
2883,1442,UUTR,0.06014115646258503
2884,1443,UUTR,0.059896258503401356
2885,1444,UUTR,0.059647959183673466
2886,1445,UUTR,0.05939795918367347
2887,1446,UUTR,0.059146258503401355
2888,1447,UUTR,0.058899659863945575
2889,1448,UUTR,0.058653061224489794
2890,1449,UUTR,0.05840646258503401
2891,1450,UUTR,0.05815986394557824
2892,1451,UUTR,0.05790986394557824
2893,1452,UUTR,0.05765646258503402
2894,1453,UUTR,0.05740646258503402
2895,1454,UUTR,0.057154761904761896
2896,1455,UUTR,0.056908163265306115
2897,1456,UUTR,0.05666326530612245
2898,1457,UUTR,0.056414965986394554
2899,1458,UUTR,0.056171768707483
2900,1459,UUTR,0.055933673469387754
2901,1460,UUTR,0.055698979591836735
2902,1461,UUTR,0.055471088435374155
2903,1462,UUTR,0.05524659863945578
2904,1463,UUTR,0.05502721088435374
2905,1464,UUTR,0.054807823129251705
2906,1465,UUTR,0.05458673469387755
2907,1466,UUTR,0.05436904761904762
2908,1467,UUTR,0.0541530612244898
2909,1468,UUTR,0.05393707482993197
2910,1469,UUTR,0.053726190476190476
2911,1470,UUTR,0.05351530612244898
2912,1471,UUTR,0.053309523809523814
2913,1472,UUTR,0.05310374149659865
2914,1473,UUTR,0.052899659863945576
2915,1474,UUTR,0.05269727891156462
2916,1475,UUTR,0.05249829931972789
2917,1476,UUTR,0.05229591836734694
2918,1477,UUTR,0.0520952380952381
2919,1478,UUTR,0.05189285714285714
2920,1479,UUTR,0.05169387755102041
2921,1480,UUTR,0.051493197278911565
2922,1481,UUTR,0.05128911564625851
2923,1482,UUTR,0.05108163265306122
2924,1483,UUTR,0.05087244897959184
2925,1484,UUTR,0.05066326530612245
2926,1485,UUTR,0.05045748299319727
2927,1486,UUTR,0.050251700680272106
2928,1487,UUTR,0.05005272108843538
2929,1488,UUTR,0.049860544217687076
2930,1489,UUTR,0.049668367346938774
2931,1490,UUTR,0.04947448979591837
2932,1491,UUTR,0.04928401360544218
2933,1492,UUTR,0.049095238095238095
2934,1493,UUTR,0.04891156462585034
2935,1494,UUTR,0.04873129251700681
2936,1495,UUTR,0.04855272108843538
2937,1496,UUTR,0.048375850340136056
2938,1497,UUTR,0.04819727891156463
2939,1498,UUTR,0.0480187074829932
2940,1499,UUTR,0.04783673469387755
2941,1500,UUTR,0.04765816326530612
2942,1501,UUTR,0.04748639455782313
2943,1502,UUTR,0.04731462585034014
2944,1503,UUTR,0.04714115646258503
2945,1504,UUTR,0.046969387755102045
2946,1505,UUTR,0.04679761904761905
2947,1506,UUTR,0.046625850340136055
2948,1507,UUTR,0.046454081632653056
2949,1508,UUTR,0.04628571428571429
2950,1509,UUTR,0.0461156462585034
2951,1510,UUTR,0.045945578231292514
2952,1511,UUTR,0.04577891156462585
2953,1512,UUTR,0.04561224489795919
2954,1513,UUTR,0.0454421768707483
2955,1514,UUTR,0.0452687074829932
2956,1515,UUTR,0.0450952380952381
2957,1516,UUTR,0.044916666666666674
2958,1517,UUTR,0.044734693877551024
2959,1518,UUTR,0.04455102040816327
2960,1519,UUTR,0.04436904761904762
2961,1520,UUTR,0.04418877551020408
2962,1521,UUTR,0.044008503401360546
2963,1522,UUTR,0.04383163265306122
2964,1523,UUTR,0.04365816326530613
2965,1524,UUTR,0.04348979591836735
2966,1525,UUTR,0.043321428571428566
2967,1526,UUTR,0.043158163265306124
2968,1527,UUTR,0.04298979591836735
2969,1528,UUTR,0.042824829931972785
2970,1529,UUTR,0.04266156462585034
2971,1530,UUTR,0.0425
2972,1531,UUTR,0.04233843537414966
2973,1532,UUTR,0.042175170068027214
2974,1533,UUTR,0.04201360544217687
2975,1534,UUTR,0.041853741496598644
2976,1535,UUTR,0.04169557823129252
2977,1536,UUTR,0.04153401360544218
2978,1537,UUTR,0.04137074829931973
2979,1538,UUTR,0.04120918367346939
2980,1539,UUTR,0.04104761904761905
2981,1540,UUTR,0.0408843537414966
2982,1541,UUTR,0.040722789115646266
2983,1542,UUTR,0.04056292517006803
2984,1543,UUTR,0.040404761904761895
2985,1544,UUTR,0.04024829931972789
2986,1545,UUTR,0.04009353741496599
2987,1546,UUTR,0.03994047619047619
2988,1547,UUTR,0.039790816326530615
2989,1548,UUTR,0.03963945578231292
2990,1549,UUTR,0.03948639455782313
2991,1550,UUTR,0.03933673469387755
2992,1551,UUTR,0.03918877551020408
2993,1552,UUTR,0.039040816326530614
2994,1553,UUTR,0.038901360544217695
2995,1554,UUTR,0.038765306122448974
2996,1555,UUTR,0.03863095238095238
2997,1556,UUTR,0.0385
2998,1557,UUTR,0.03836734693877551
2999,1558,UUTR,0.038232993197278915
3000,1559,UUTR,0.03810204081632654
3001,1560,UUTR,0.03796768707482994
3002,1561,UUTR,0.03783673469387755
3003,1562,UUTR,0.037705782312925165
3004,1563,UUTR,0.037576530612244904
3005,1564,UUTR,0.03745068027210884
3006,1565,UUTR,0.03732823129251701
3007,1566,UUTR,0.037204081632653055
3008,1567,UUTR,0.03708333333333333
3009,1568,UUTR,0.036955782312925164
3010,1569,UUTR,0.036829931972789116
3011,1570,UUTR,0.036705782312925164
3012,1571,UUTR,0.036578231292517006
3013,1572,UUTR,0.03644897959183673
3014,1573,UUTR,0.03632142857142857
3015,1574,UUTR,0.03619047619047619
3016,1575,UUTR,0.03605272108843537
3017,1576,UUTR,0.035913265306122454
3018,1577,UUTR,0.03577210884353742
3019,1578,UUTR,0.03562755102040816
3020,1579,UUTR,0.03548639455782313
3021,1580,UUTR,0.035343537414965986
3022,1581,UUTR,0.03520068027210885
3023,1582,UUTR,0.035062925170068024
3024,1583,UUTR,0.034923469387755104
3025,1584,UUTR,0.03478401360544218
3026,1585,UUTR,0.03464625850340136
3027,1586,UUTR,0.03451190476190476
3028,1587,UUTR,0.03437244897959184
3029,1588,UUTR,0.03423639455782313
3030,1589,UUTR,0.03410034013605442
3031,1590,UUTR,0.03396768707482994
3032,1591,UUTR,0.03383673469387755
3033,1592,UUTR,0.033705782312925175
3034,1593,UUTR,0.03357993197278912
3035,1594,UUTR,0.03345238095238095
3036,1595,UUTR,0.033324829931972784
3037,1596,UUTR,0.03320068027210884
3038,1597,UUTR,0.03307312925170068
3039,1598,UUTR,0.03295068027210884
3040,1599,UUTR,0.03282993197278911
3041,1600,UUTR,0.03270748299319728
3042,1601,UUTR,0.03259013605442177
3043,1602,UUTR,0.03246938775510204
3044,1603,UUTR,0.03234863945578231
3045,1604,UUTR,0.03223129251700681
3046,1605,UUTR,0.032113945578231294
3047,1606,UUTR,0.03199829931972789
3048,1607,UUTR,0.03187925170068027
3049,1608,UUTR,0.03176020408163265
3050,1609,UUTR,0.03163945578231293
3051,1610,UUTR,0.03151700680272109
3052,1611,UUTR,0.031394557823129256
3053,1612,UUTR,0.03127210884353742
3054,1613,UUTR,0.031146258503401362
3055,1614,UUTR,0.031022108843537417
3056,1615,UUTR,0.030894557823129255
3057,1616,UUTR,0.030763605442176867
3058,1617,UUTR,0.03063095238095238
3059,1618,UUTR,0.030494897959183673
3060,1619,UUTR,0.03035884353741497
3061,1620,UUTR,0.030224489795918366
3062,1621,UUTR,0.03009013605442177
3063,1622,UUTR,0.029955782312925172
3064,1623,UUTR,0.029824829931972788
3065,1624,UUTR,0.029697278911564626
3066,1625,UUTR,0.029573129251700678
3067,1626,UUTR,0.029448979591836733
3068,1627,UUTR,0.029326530612244897
3069,1628,UUTR,0.02920918367346939
3070,1629,UUTR,0.029095238095238094
3071,1630,UUTR,0.02898639455782313
3072,1631,UUTR,0.02888095238095238
3073,1632,UUTR,0.028777210884353744
3074,1633,UUTR,0.028673469387755102
3075,1634,UUTR,0.02856972789115646
3076,1635,UUTR,0.028462585034013603
3077,1636,UUTR,0.02835204081632653
3078,1637,UUTR,0.028244897959183675
3079,1638,UUTR,0.028137755102040814
3080,1639,UUTR,0.028032312925170066
3081,1640,UUTR,0.02792857142857143
3082,1641,UUTR,0.027824829931972793
3083,1642,UUTR,0.02772278911564626
3084,1643,UUTR,0.02762074829931973
3085,1644,UUTR,0.027522108843537417
3086,1645,UUTR,0.027421768707482995
3087,1646,UUTR,0.02732312925170068
3088,1647,UUTR,0.027222789115646257
3089,1648,UUTR,0.02712074829931973
3090,1649,UUTR,0.0270187074829932
3091,1650,UUTR,0.02691666666666667
3092,1651,UUTR,0.026814625850340137
3093,1652,UUTR,0.026712585034013605
3094,1653,UUTR,0.026613945578231296
3095,1654,UUTR,0.02651530612244898
3096,1655,UUTR,0.026414965986394555
3097,1656,UUTR,0.026316326530612243
3098,1657,UUTR,0.026215986394557824
3099,1658,UUTR,0.026115646258503402
3100,1659,UUTR,0.02601360544217687
3101,1660,UUTR,0.025914965986394558
3102,1661,UUTR,0.025818027210884352
3103,1662,UUTR,0.025724489795918366
3104,1663,UUTR,0.02563095238095238
3105,1664,UUTR,0.025542517006802722
3106,1665,UUTR,0.025452380952380952
3107,1666,UUTR,0.025360544217687075
3108,1667,UUTR,0.02527210884353742
3109,1668,UUTR,0.025187074829931974
3110,1669,UUTR,0.02510034013605442
3111,1670,UUTR,0.025013605442176873
3112,1671,UUTR,0.02492517006802721
3113,1672,UUTR,0.02483843537414966
3114,1673,UUTR,0.024753401360544217
3115,1674,UUTR,0.024670068027210886
3116,1675,UUTR,0.024585034013605445
3117,1676,UUTR,0.024501700680272107
3118,1677,UUTR,0.024420068027210886
3119,1678,UUTR,0.02434013605442177
3120,1679,UUTR,0.02426530612244898
3121,1680,UUTR,0.0241921768707483
3122,1681,UUTR,0.024119047619047616
3123,1682,UUTR,0.02404591836734694
3124,1683,UUTR,0.023972789115646258
3125,1684,UUTR,0.023901360544217688
3126,1685,UUTR,0.023829931972789115
3127,1686,UUTR,0.023760204081632656
3128,1687,UUTR,0.0236921768707483
3129,1688,UUTR,0.023624149659863945
3130,1689,UUTR,0.023554421768707486
3131,1690,UUTR,0.02348639455782313
3132,1691,UUTR,0.023416666666666665
3133,1692,UUTR,0.023346938775510206
3134,1693,UUTR,0.023278911564625852
3135,1694,UUTR,0.023209183673469386
3136,1695,UUTR,0.02313945578231293
3137,1696,UUTR,0.023073129251700682
3138,1697,UUTR,0.02300850340136054
3139,1698,UUTR,0.022943877551020408
3140,1699,UUTR,0.02288095238095238
3141,1700,UUTR,0.022816326530612243
3142,1701,UUTR,0.02274489795918367
3143,1702,UUTR,0.022671768707482994
3144,1703,UUTR,0.022598639455782315
3145,1704,UUTR,0.02252891156462585
3146,1705,UUTR,0.022462585034013608
3147,1706,UUTR,0.02239795918367347
3148,1707,UUTR,0.022335034013605443
3149,1708,UUTR,0.022270408163265306
3150,1709,UUTR,0.02220578231292517
3151,1710,UUTR,0.022139455782312925
3152,1711,UUTR,0.022069727891156462
3153,1712,UUTR,0.022
3154,1713,UUTR,0.021930272108843536
3155,1714,UUTR,0.021858843537414963
3156,1715,UUTR,0.02179251700680272
3157,1716,UUTR,0.021724489795918366
3158,1717,UUTR,0.021656462585034012
3159,1718,UUTR,0.021586734693877552
3160,1719,UUTR,0.02151530612244898
3161,1720,UUTR,0.021442176870748297
3162,1721,UUTR,0.021372448979591837
3163,1722,UUTR,0.021307823129251703
3164,1723,UUTR,0.021244897959183676
3165,1724,UUTR,0.02118027210884354
3166,1725,UUTR,0.021115646258503405
3167,1726,UUTR,0.021051020408163264
3168,1727,UUTR,0.020986394557823133
3169,1728,UUTR,0.0209234693877551
3170,1729,UUTR,0.020860544217687075
3171,1730,UUTR,0.020799319727891157
3172,1731,UUTR,0.02073979591836735
3173,1732,UUTR,0.020681972789115648
3174,1733,UUTR,0.020625850340136056
3175,1734,UUTR,0.02057142857142857
3176,1735,UUTR,0.02051700680272109
3177,1736,UUTR,0.020460884353741497
3178,1737,UUTR,0.02040136054421769
3179,1738,UUTR,0.020345238095238093
3180,1739,UUTR,0.02028741496598639
3181,1740,UUTR,0.020226190476190474
3182,1741,UUTR,0.020163265306122446
3183,1742,UUTR,0.02010204081632653
3184,1743,UUTR,0.0200391156462585
3185,1744,UUTR,0.01997959183673469
3186,1745,UUTR,0.019920068027210885
3187,1746,UUTR,0.019862244897959184
3188,1747,UUTR,0.019802721088435376
3189,1748,UUTR,0.01974659863945578
3190,1749,UUTR,0.01969047619047619
3191,1750,UUTR,0.019636054421768703
3192,1751,UUTR,0.0195765306122449
3193,1752,UUTR,0.019515306122448978
3194,1753,UUTR,0.01945578231292517
3195,1754,UUTR,0.01939795918367347
3196,1755,UUTR,0.01933843537414966
3197,1756,UUTR,0.019278911564625852
3198,1757,UUTR,0.01921938775510204
3199,1758,UUTR,0.01916156462585034
3200,1759,UUTR,0.01910374149659864
3201,1760,UUTR,0.019047619047619046
3202,1761,UUTR,0.018991496598639458
3203,1762,UUTR,0.01894387755102041
3204,1763,UUTR,0.01889965986394558
3205,1764,UUTR,0.01886054421768707
3206,1765,UUTR,0.018821428571428572
3207,1766,UUTR,0.018780612244897958
3208,1767,UUTR,0.018739795918367344
3209,1768,UUTR,0.018698979591836733
3210,1769,UUTR,0.01865986394557823
3211,1770,UUTR,0.018622448979591838
3212,1771,UUTR,0.018583333333333334
3213,1772,UUTR,0.0185391156462585
3214,1773,UUTR,0.018494897959183673
3215,1774,UUTR,0.018450680272108843
3216,1775,UUTR,0.018408163265306123
3217,1776,UUTR,0.018365646258503402
3218,1777,UUTR,0.01832142857142857
3219,1778,UUTR,0.01827721088435374
3220,1779,UUTR,0.01823299319727891
3221,1780,UUTR,0.01819047619047619
3222,1781,UUTR,0.01814795918367347
3223,1782,UUTR,0.018108843537414963
3224,1783,UUTR,0.01807312925170068
3225,1784,UUTR,0.018037414965986393
3226,1785,UUTR,0.01800170068027211
3227,1786,UUTR,0.017967687074829933
3228,1787,UUTR,0.01793027210884354
3229,1788,UUTR,0.01789285714285714
3230,1789,UUTR,0.01785374149659864
3231,1790,UUTR,0.017814625850340136
3232,1791,UUTR,0.017773809523809525
3233,1792,UUTR,0.01773299319727891
3234,1793,UUTR,0.01769047619047619
3235,1794,UUTR,0.01764965986394558
3236,1795,UUTR,0.01761054421768708
3237,1796,UUTR,0.01756972789115646
3238,1797,UUTR,0.017532312925170067
3239,1798,UUTR,0.017493197278911566
3240,1799,UUTR,0.017455782312925168
3241,1800,UUTR,0.017416666666666664
3242,1801,UUTR,0.017379251700680273
3243,1802,UUTR,0.017343537414965988
3244,1803,UUTR,0.017302721088435374
3245,1804,UUTR,0.017263605442176873
3246,1805,UUTR,0.01722278911564626
3247,1806,UUTR,0.017185374149659864
3248,1807,UUTR,0.01714795918367347
3249,1808,UUTR,0.017110544217687075
3250,1809,UUTR,0.017073129251700677
3251,1810,UUTR,0.017039115646258502
3252,1811,UUTR,0.017005102040816324
3253,1812,UUTR,0.01697278911564626
3254,1813,UUTR,0.01694047619047619
3255,1814,UUTR,0.016911564625850337
3256,1815,UUTR,0.016882653061224488
3257,1816,UUTR,0.01685374149659864
3258,1817,UUTR,0.01682482993197279
3259,1818,UUTR,0.016797619047619047
3260,1819,UUTR,0.016770408163265308
3261,1820,UUTR,0.01674149659863946
3262,1821,UUTR,0.016714285714285716
3263,1822,UUTR,0.016687074829931973
3264,1823,UUTR,0.01666156462585034
3265,1824,UUTR,0.0166343537414966
3266,1825,UUTR,0.01660714285714286
3267,1826,UUTR,0.016578231292517006
3268,1827,UUTR,0.01654931972789116
3269,1828,UUTR,0.016518707482993198
3270,1829,UUTR,0.01648979591836735
3271,1830,UUTR,0.0164608843537415
3272,1831,UUTR,0.016431972789115647
3273,1832,UUTR,0.0164030612244898
3274,1833,UUTR,0.016372448979591836
3275,1834,UUTR,0.016343537414965987
3276,1835,UUTR,0.016312925170068028
3277,1836,UUTR,0.016284013605442176
3278,1837,UUTR,0.016251700680272107
3279,1838,UUTR,0.016221088435374148
3280,1839,UUTR,0.0161921768707483
3281,1840,UUTR,0.01616156462585034
3282,1841,UUTR,0.01612925170068027
3283,1842,UUTR,0.016098639455782313
3284,1843,UUTR,0.016066326530612244
3285,1844,UUTR,0.016034013605442175
3286,1845,UUTR,0.01600170068027211
3287,1846,UUTR,0.015971088435374148
3288,1847,UUTR,0.015938775510204083
3289,1848,UUTR,0.015909863945578234
3290,1849,UUTR,0.01587925170068027
3291,1850,UUTR,0.015848639455782312
3292,1851,UUTR,0.015818027210884354
3293,1852,UUTR,0.015787414965986395
3294,1853,UUTR,0.015755102040816326
3295,1854,UUTR,0.015726190476190473
3296,1855,UUTR,0.015697278911564624
3297,1856,UUTR,0.015670068027210885
3298,1857,UUTR,0.015642857142857142
3299,1858,UUTR,0.01561904761904762
3300,1859,UUTR,0.015595238095238094
3301,1860,UUTR,0.015569727891156463
3302,1861,UUTR,0.01554421768707483
3303,1862,UUTR,0.015517006802721087
3304,1863,UUTR,0.015491496598639456
3305,1864,UUTR,0.015464285714285715
3306,1865,UUTR,0.01544047619047619
3307,1866,UUTR,0.015420068027210883
3308,1867,UUTR,0.015401360544217688
3309,1868,UUTR,0.015382653061224489
3310,1869,UUTR,0.015360544217687077
3311,1870,UUTR,0.01534013605442177
3312,1871,UUTR,0.01532312925170068
3313,1872,UUTR,0.015306122448979593
3314,1873,UUTR,0.015287414965986392
3315,1874,UUTR,0.015267006802721089
3316,1875,UUTR,0.015246598639455782
3317,1876,UUTR,0.015224489795918368
3318,1877,UUTR,0.015200680272108845
3319,1878,UUTR,0.015173469387755103
3320,1879,UUTR,0.015144557823129252
3321,1880,UUTR,0.015113945578231291
3322,1881,UUTR,0.01508503401360544
3323,1882,UUTR,0.015054421768707483
3324,1883,UUTR,0.015025510204081634
3325,1884,UUTR,0.014994897959183672
3326,1885,UUTR,0.014964285714285713
3327,1886,UUTR,0.014931972789115648
3328,1887,UUTR,0.014901360544217689
3329,1888,UUTR,0.014872448979591838
3330,1889,UUTR,0.014846938775510203
3331,1890,UUTR,0.014824829931972788
3332,1891,UUTR,0.014802721088435373
3333,1892,UUTR,0.014782312925170068
3334,1893,UUTR,0.01476190476190476
3335,1894,UUTR,0.014741496598639455
3336,1895,UUTR,0.014717687074829932
3337,1896,UUTR,0.014693877551020411
3338,1897,UUTR,0.014668367346938776
3339,1898,UUTR,0.01464795918367347
3340,1899,UUTR,0.014629251700680274
3341,1900,UUTR,0.014608843537414967
3342,1901,UUTR,0.014591836734693877
3343,1902,UUTR,0.014576530612244898
3344,1903,UUTR,0.014561224489795917
3345,1904,UUTR,0.014547619047619047
3346,1905,UUTR,0.014532312925170068
3347,1906,UUTR,0.01451530612244898
3348,1907,UUTR,0.014494897959183673
3349,1908,UUTR,0.014474489795918366
3350,1909,UUTR,0.014448979591836735
3351,1910,UUTR,0.014423469387755102
3352,1911,UUTR,0.014394557823129251
3353,1912,UUTR,0.014367346938775512
3354,1913,UUTR,0.014343537414965987
3355,1914,UUTR,0.014319727891156464
3356,1915,UUTR,0.014295918367346939
3357,1916,UUTR,0.014272108843537414
3358,1917,UUTR,0.014246598639455781
3359,1918,UUTR,0.014222789115646258
3360,1919,UUTR,0.014202380952380952
3361,1920,UUTR,0.014181972789115647
3362,1921,UUTR,0.014158163265306122
3363,1922,UUTR,0.01413265306122449
3364,1923,UUTR,0.014107142857142858
3365,1924,UUTR,0.014078231292517007
3366,1925,UUTR,0.014049319727891158
3367,1926,UUTR,0.014020408163265306
3368,1927,UUTR,0.0
3369,1928,UUTR,0.0
3370,1929,UUTR,0.0
3371,1930,UUTR,0.0
3372,1931,UUTR,0.0
3373,1932,UUTR,0.0
3374,1933,UUTR,0.0
3375,1934,UUTR,0.0
3376,1935,UUTR,0.0
3377,1936,UUTR,0.0
3378,1937,UUTR,0.0
3379,1938,UUTR,0.0
3380,1939,UUTR,0.0
3381,1940,UUTR,0.0
3382,1941,UUTR,0.0
3383,1942,UUTR,0.0
3384,1943,UUTR,0.0
3385,1944,UUTR,0.0
3386,1945,UUTR,0.0
3387,1946,UUTR,0.0
3388,1947,UUTR,0.0
3389,1948,UUTR,0.0
3390,1949,UUTR,0.0
3391,1950,UUTR,0.0
3392,1951,UUTR,0.0
3393,1952,UUTR,0.0
3394,1953,UUTR,0.0
3395,1954,UUTR,0.0
3396,1955,UUTR,0.0
3397,1956,UUTR,0.0
3398,1957,UUTR,0.0
3399,1958,UUTR,0.0
3400,1959,UUTR,0.0
3401,1960,UUTR,0.0
3402,1961,UUTR,0.0
3403,1962,UUTR,0.0
3404,1963,UUTR,0.0
3405,1964,UUTR,0.0
3406,1965,UUTR,0.0
3407,1966,UUTR,0.0
3408,1967,UUTR,0.0
3409,1968,UUTR,0.0
3410,1969,UUTR,0.0
3411,1970,UUTR,0.0
3412,1971,UUTR,0.0
3413,1972,UUTR,0.0
3414,1973,UUTR,0.0
3415,1974,UUTR,0.0
3416,1975,UUTR,0.0
3417,1976,UUTR,0.0
3418,1977,UUTR,0.0
3419,1978,UUTR,0.0
3420,1979,UUTR,0.0
3421,1980,UUTR,0.0
3422,1981,UUTR,0.0
3423,1982,UUTR,0.0
3424,1983,UUTR,0.0
3425,1984,UUTR,0.0
3426,1985,UUTR,0.0
3427,1986,UUTR,0.0
3428,1987,UUTR,0.0
3429,1988,UUTR,0.0
3430,1989,UUTR,0.0
3431,1990,UUTR,0.0
3432,1991,UUTR,0.0
3433,1992,UUTR,0.0
3434,1993,UUTR,0.0
3435,1994,UUTR,0.0
3436,1995,UUTR,0.0
3437,1996,UUTR,0.0
3438,1997,UUTR,0.0
3439,1998,UUTR,0.0
3440,1999,UUTR,0.0
3441,853,DUTR,0.0
3442,854,DUTR,0.0
3443,855,DUTR,0.0
3444,856,DUTR,0.0
3445,857,DUTR,0.0
3446,858,DUTR,0.0
3447,859,DUTR,0.0
3448,860,DUTR,0.0
3449,861,DUTR,0.0
3450,862,DUTR,0.0
3451,863,DUTR,0.0
3452,864,DUTR,0.0
3453,865,DUTR,0.0
3454,866,DUTR,0.0
3455,867,DUTR,0.0
3456,868,DUTR,0.0
3457,869,DUTR,0.0
3458,870,DUTR,0.0
3459,871,DUTR,0.0
3460,872,DUTR,0.0
3461,873,DUTR,0.0
3462,874,DUTR,0.0
3463,875,DUTR,0.0
3464,876,DUTR,0.0
3465,877,DUTR,0.0
3466,878,DUTR,0.0
3467,879,DUTR,0.0
3468,880,DUTR,0.0
3469,881,DUTR,0.0
3470,882,DUTR,0.0
3471,883,DUTR,0.0
3472,884,DUTR,0.0
3473,885,DUTR,0.0
3474,886,DUTR,0.0
3475,887,DUTR,0.0
3476,888,DUTR,0.0
3477,889,DUTR,0.0
3478,890,DUTR,0.0
3479,891,DUTR,0.0
3480,892,DUTR,0.0
3481,893,DUTR,0.0
3482,894,DUTR,0.0
3483,895,DUTR,0.0
3484,896,DUTR,0.0
3485,897,DUTR,0.0
3486,898,DUTR,0.0
3487,899,DUTR,0.0
3488,900,DUTR,0.0
3489,901,DUTR,0.0
3490,902,DUTR,0.0
3491,903,DUTR,0.0
3492,904,DUTR,0.0
3493,905,DUTR,0.0
3494,906,DUTR,0.0
3495,907,DUTR,0.0
3496,908,DUTR,0.0
3497,909,DUTR,0.0
3498,910,DUTR,0.0
3499,911,DUTR,0.0
3500,912,DUTR,0.0
3501,913,DUTR,0.0
3502,914,DUTR,0.0
3503,915,DUTR,0.0
3504,916,DUTR,0.0
3505,917,DUTR,0.0
3506,918,DUTR,0.0
3507,919,DUTR,0.0
3508,920,DUTR,0.0
3509,921,DUTR,0.0
3510,922,DUTR,0.0
3511,923,DUTR,0.0
3512,924,DUTR,0.0
3513,925,DUTR,0.0
3514,926,DUTR,0.0
3515,927,DUTR,0.0
3516,928,DUTR,0.0
3517,929,DUTR,0.0
3518,930,DUTR,0.0
3519,931,DUTR,0.0
3520,932,DUTR,0.0
3521,933,DUTR,0.0
3522,934,DUTR,0.0
3523,935,DUTR,0.0
3524,936,DUTR,0.0
3525,937,DUTR,0.0
3526,938,DUTR,0.0
3527,939,DUTR,0.0
3528,940,DUTR,0.0
3529,941,DUTR,0.0
3530,942,DUTR,0.0
3531,943,DUTR,0.0
3532,944,DUTR,0.0
3533,945,DUTR,0.0
3534,946,DUTR,0.0
3535,947,DUTR,0.0
3536,948,DUTR,0.0
3537,949,DUTR,0.0
3538,950,DUTR,0.0
3539,951,DUTR,0.0
3540,952,DUTR,0.0
3541,953,DUTR,0.0
3542,954,DUTR,0.0
3543,955,DUTR,0.0
3544,956,DUTR,0.0
3545,957,DUTR,0.0
3546,958,DUTR,0.0
3547,959,DUTR,0.0
3548,960,DUTR,0.0
3549,961,DUTR,0.0
3550,962,DUTR,0.0
3551,963,DUTR,0.0
3552,964,DUTR,0.0
3553,965,DUTR,0.0
3554,966,DUTR,0.0
3555,967,DUTR,0.0
3556,968,DUTR,0.0
3557,969,DUTR,0.0
3558,970,DUTR,0.0
3559,971,DUTR,0.0
3560,972,DUTR,0.0
3561,973,DUTR,0.0
3562,974,DUTR,0.0
3563,975,DUTR,0.0
3564,976,DUTR,0.0
3565,977,DUTR,0.0
3566,978,DUTR,0.0
3567,979,DUTR,0.0
3568,980,DUTR,0.0
3569,981,DUTR,0.0
3570,982,DUTR,0.0
3571,983,DUTR,0.0
3572,984,DUTR,0.0
3573,985,DUTR,0.0
3574,986,DUTR,0.0
3575,987,DUTR,0.0
3576,988,DUTR,0.0
3577,989,DUTR,0.0
3578,990,DUTR,0.0
3579,991,DUTR,0.0
3580,992,DUTR,0.0
3581,993,DUTR,0.0
3582,994,DUTR,0.0
3583,995,DUTR,0.0
3584,996,DUTR,0.0
3585,997,DUTR,0.0
3586,998,DUTR,0.0
3587,999,DUTR,0.0
3588,1000,DUTR,0.0
3589,1001,DUTR,0.0
3590,1002,DUTR,0.0
3591,1003,DUTR,0.0
3592,1004,DUTR,0.0
3593,1005,DUTR,0.0
3594,1006,DUTR,0.0
3595,1007,DUTR,0.0
3596,1008,DUTR,0.0
3597,1009,DUTR,0.0
3598,1010,DUTR,0.0
3599,1011,DUTR,0.0
3600,1012,DUTR,0.0
3601,1013,DUTR,0.0
3602,1014,DUTR,0.0
3603,1015,DUTR,0.0
3604,1016,DUTR,0.0
3605,1017,DUTR,0.0
3606,1018,DUTR,0.0
3607,1019,DUTR,0.0
3608,1020,DUTR,0.0
3609,1021,DUTR,0.0
3610,1022,DUTR,0.0
3611,1023,DUTR,0.0
3612,1024,DUTR,0.0
3613,1025,DUTR,0.0
3614,1026,DUTR,0.0
3615,1027,DUTR,0.0
3616,1028,DUTR,0.0
3617,1029,DUTR,0.0
3618,1030,DUTR,0.0
3619,1031,DUTR,0.0
3620,1032,DUTR,0.0
3621,1033,DUTR,0.0
3622,1034,DUTR,0.0
3623,1035,DUTR,0.0
3624,1036,DUTR,0.0
3625,1037,DUTR,0.0
3626,1038,DUTR,0.0
3627,1039,DUTR,0.0
3628,1040,DUTR,0.0
3629,1041,DUTR,0.0
3630,1042,DUTR,0.0
3631,1043,DUTR,0.0
3632,1044,DUTR,0.0
3633,1045,DUTR,0.0
3634,1046,DUTR,0.0
3635,1047,DUTR,0.0
3636,1048,DUTR,0.0
3637,1049,DUTR,0.0
3638,1050,DUTR,0.0
3639,1051,DUTR,0.0
3640,1052,DUTR,0.0
3641,1053,DUTR,0.0
3642,1054,DUTR,0.0
3643,1055,DUTR,0.0
3644,1056,DUTR,0.0
3645,1057,DUTR,0.0
3646,1058,DUTR,0.0
3647,1059,DUTR,0.0
3648,1060,DUTR,0.0
3649,1061,DUTR,0.0
3650,1062,DUTR,0.0
3651,1063,DUTR,0.0
3652,1064,DUTR,0.0
3653,1065,DUTR,0.0
3654,1066,DUTR,0.0
3655,1067,DUTR,0.0
3656,1068,DUTR,0.0
3657,1069,DUTR,0.0
3658,1070,DUTR,0.0
3659,1071,DUTR,0.0
3660,1072,DUTR,0.0
3661,1073,DUTR,0.0
3662,1074,DUTR,0.0
3663,1075,DUTR,0.0
3664,1076,DUTR,0.0
3665,1077,DUTR,0.0
3666,1078,DUTR,0.0
3667,1079,DUTR,0.0
3668,1080,DUTR,0.0
3669,1081,DUTR,0.0
3670,1082,DUTR,0.0
3671,1083,DUTR,0.0
3672,1084,DUTR,0.0
3673,1085,DUTR,0.0
3674,1086,DUTR,0.0
3675,1087,DUTR,0.0
3676,1088,DUTR,0.0
3677,1089,DUTR,0.0
3678,1090,DUTR,0.0
3679,1091,DUTR,0.0
3680,1092,DUTR,0.0
3681,1093,DUTR,0.0
3682,1094,DUTR,0.0
3683,1095,DUTR,0.0
3684,1096,DUTR,0.0
3685,1097,DUTR,0.0
3686,1098,DUTR,0.0
3687,1099,DUTR,0.0
3688,1100,DUTR,0.0
3689,1101,DUTR,0.0
3690,1102,DUTR,0.0
3691,1103,DUTR,0.0
3692,1104,DUTR,0.0
3693,1105,DUTR,0.0
3694,1106,DUTR,0.0
3695,1107,DUTR,0.0
3696,1108,DUTR,0.0
3697,1109,DUTR,0.0
3698,1110,DUTR,0.0
3699,1111,DUTR,0.0
3700,1112,DUTR,0.0
3701,1113,DUTR,0.0
3702,1114,DUTR,0.0
3703,1115,DUTR,0.0
3704,1116,DUTR,0.0
3705,1117,DUTR,0.0
3706,1118,DUTR,0.0
3707,1119,DUTR,0.0
3708,1120,DUTR,0.0
3709,1121,DUTR,0.0
3710,1122,DUTR,0.0
3711,1123,DUTR,0.0
3712,1124,DUTR,0.0
3713,1125,DUTR,0.0
3714,1126,DUTR,0.0
3715,1127,DUTR,0.0
3716,1128,DUTR,0.0
3717,1129,DUTR,0.0
3718,1130,DUTR,0.0
3719,1131,DUTR,0.0
3720,1132,DUTR,0.0
3721,1133,DUTR,0.0
3722,1134,DUTR,0.0
3723,1135,DUTR,0.0
3724,1136,DUTR,0.0
3725,1137,DUTR,0.0
3726,1138,DUTR,0.0
3727,1139,DUTR,0.0
3728,1140,DUTR,0.0
3729,1141,DUTR,0.0
3730,1142,DUTR,0.0
3731,1143,DUTR,0.0
3732,1144,DUTR,0.0
3733,1145,DUTR,0.0
3734,1146,DUTR,0.0
3735,1147,DUTR,0.0
3736,1148,DUTR,0.0
3737,1149,DUTR,0.0
3738,1150,DUTR,0.0
3739,1151,DUTR,0.0
3740,1152,DUTR,0.0
3741,1153,DUTR,0.0
3742,1154,DUTR,0.0
3743,1155,DUTR,0.0
3744,1156,DUTR,0.0
3745,1157,DUTR,0.0
3746,1158,DUTR,0.0
3747,1159,DUTR,0.0
3748,1160,DUTR,0.0
3749,1161,DUTR,0.0
3750,1162,DUTR,0.0
3751,1163,DUTR,0.0
3752,1164,DUTR,0.0
3753,1165,DUTR,0.0
3754,1166,DUTR,0.0
3755,1167,DUTR,0.0
3756,1168,DUTR,0.0
3757,1169,DUTR,0.0
3758,1170,DUTR,0.0
3759,1171,DUTR,0.0
3760,1172,DUTR,0.0
3761,1173,DUTR,0.0
3762,1174,DUTR,0.0
3763,1175,DUTR,0.0
3764,1176,DUTR,0.0
3765,1177,DUTR,0.0
3766,1178,DUTR,0.0
3767,1179,DUTR,0.0
3768,1180,DUTR,0.0
3769,1181,DUTR,0.0
3770,1182,DUTR,0.0
3771,1183,DUTR,0.0
3772,1184,DUTR,0.0
3773,1185,DUTR,0.0
3774,1186,DUTR,0.0
3775,1187,DUTR,0.0
3776,1188,DUTR,0.0
3777,1189,DUTR,0.0
3778,1190,DUTR,0.0
3779,1191,DUTR,0.0
3780,1192,DUTR,0.0
3781,1193,DUTR,0.0
3782,1194,DUTR,0.0
3783,1195,DUTR,0.0
3784,1196,DUTR,0.0
3785,1197,DUTR,0.0
3786,1198,DUTR,0.0
3787,1199,DUTR,0.0
3788,1200,DUTR,0.0
3789,1201,DUTR,0.0
3790,1202,DUTR,0.0
3791,1203,DUTR,0.0
3792,1204,DUTR,0.0
3793,1205,DUTR,0.0
3794,1206,DUTR,0.0
3795,1207,DUTR,0.0
3796,1208,DUTR,0.0
3797,1209,DUTR,0.0
3798,1210,DUTR,0.0
3799,1211,DUTR,0.0
3800,1212,DUTR,0.0
3801,1213,DUTR,0.0
3802,1214,DUTR,0.0
3803,1215,DUTR,0.0
3804,1216,DUTR,0.0
3805,1217,DUTR,0.0
3806,1218,DUTR,0.0
3807,1219,DUTR,0.0
3808,1220,DUTR,0.0
3809,1221,DUTR,0.0
3810,1222,DUTR,0.0
3811,1223,DUTR,0.0
3812,1224,DUTR,0.0
3813,1225,DUTR,0.0
3814,1226,DUTR,0.0
3815,1227,DUTR,0.0
3816,1228,DUTR,0.0
3817,1229,DUTR,0.0
3818,1230,DUTR,0.0
3819,1231,DUTR,0.0
3820,1232,DUTR,0.0
3821,1233,DUTR,0.0
3822,1234,DUTR,0.0
3823,1235,DUTR,0.0
3824,1236,DUTR,0.0
3825,1237,DUTR,0.0
3826,1238,DUTR,0.0
3827,1239,DUTR,0.0
3828,1240,DUTR,0.0
3829,1241,DUTR,0.0
3830,1242,DUTR,0.0
3831,1243,DUTR,0.0
3832,1244,DUTR,0.0
3833,1245,DUTR,0.0
3834,1246,DUTR,0.0
3835,1247,DUTR,0.0
3836,1248,DUTR,0.0
3837,1249,DUTR,0.0
3838,1250,DUTR,0.0
3839,1251,DUTR,0.0
3840,1252,DUTR,0.0
3841,1253,DUTR,0.0
3842,1254,DUTR,0.0
3843,1255,DUTR,0.0
3844,1256,DUTR,0.0
3845,1257,DUTR,0.0
3846,1258,DUTR,0.0
3847,1259,DUTR,0.0
3848,1260,DUTR,0.0
3849,1261,DUTR,0.0
3850,1262,DUTR,0.0
3851,1263,DUTR,0.0
3852,1264,DUTR,0.0
3853,1265,DUTR,0.0
3854,1266,DUTR,0.0
3855,1267,DUTR,0.0
3856,1268,DUTR,0.0
3857,1269,DUTR,0.0
3858,1270,DUTR,0.0
3859,1271,DUTR,0.0
3860,1272,DUTR,1.7006802721088434e-06
3861,1273,DUTR,3.401360544217687e-06
3862,1274,DUTR,5.10204081632653e-06
3863,1275,DUTR,6.802721088435374e-06
3864,1276,DUTR,8.503401360544219e-06
3865,1277,DUTR,1.020408163265306e-05
3866,1278,DUTR,1.1904761904761903e-05
3867,1279,DUTR,1.3605442176870747e-05
3868,1280,DUTR,1.530612244897959e-05
3869,1281,DUTR,1.7006802721088438e-05
3870,1282,DUTR,1.870748299319728e-05
3871,1283,DUTR,2.040816326530612e-05
3872,1284,DUTR,2.2108843537414966e-05
3873,1285,DUTR,2.3809523809523807e-05
3874,1286,DUTR,2.5510204081632654e-05
3875,1287,DUTR,2.7210884353741494e-05
3876,1288,DUTR,2.891156462585034e-05
3877,1289,DUTR,3.061224489795918e-05
3878,1290,DUTR,3.231292517006803e-05
3879,1291,DUTR,3.4013605442176877e-05
3880,1292,DUTR,3.571428571428571e-05
3881,1293,DUTR,3.741496598639456e-05
3882,1294,DUTR,3.9115646258503405e-05
3883,1295,DUTR,4.081632653061224e-05
3884,1296,DUTR,4.2517006802721085e-05
3885,1297,DUTR,4.421768707482993e-05
3886,1298,DUTR,4.591836734693878e-05
3887,1299,DUTR,4.7619047619047614e-05
3888,1300,DUTR,4.931972789115646e-05
3889,1301,DUTR,5.102040816326531e-05
3890,1302,DUTR,5.2721088435374155e-05
3891,1303,DUTR,5.442176870748299e-05
3892,1304,DUTR,5.6122448979591836e-05
3893,1305,DUTR,5.782312925170068e-05
3894,1306,DUTR,5.9523809523809524e-05
3895,1307,DUTR,6.122448979591836e-05
3896,1308,DUTR,6.29251700680272e-05
3897,1309,DUTR,6.462585034013606e-05
3898,1310,DUTR,6.63265306122449e-05
3899,1311,DUTR,6.802721088435375e-05
3900,1312,DUTR,6.972789115646258e-05
3901,1313,DUTR,7.142857142857142e-05
3902,1314,DUTR,7.312925170068027e-05
3903,1315,DUTR,7.482993197278911e-05
3904,1316,DUTR,7.653061224489796e-05
3905,1317,DUTR,7.823129251700681e-05
3906,1318,DUTR,7.993197278911565e-05
3907,1319,DUTR,8.163265306122448e-05
3908,1320,DUTR,8.333333333333333e-05
3909,1321,DUTR,8.503401360544217e-05
3910,1322,DUTR,8.673469387755102e-05
3911,1323,DUTR,8.843537414965987e-05
3912,1324,DUTR,9.01360544217687e-05
3913,1325,DUTR,9.35374149659864e-05
3914,1326,DUTR,9.69387755102041e-05
3915,1327,DUTR,0.00010034013605442178
3916,1328,DUTR,0.0001020408163265306
3917,1329,DUTR,0.00010374149659863944
3918,1330,DUTR,0.0001054421768707483
3919,1331,DUTR,0.00010714285714285714
3920,1332,DUTR,0.00010884353741496598
3921,1333,DUTR,0.00011054421768707483
3922,1334,DUTR,0.00011224489795918367
3923,1335,DUTR,0.0001139455782312925
3924,1336,DUTR,0.00011564625850340135
3925,1337,DUTR,0.00011904761904761905
3926,1338,DUTR,0.00012244897959183673
3927,1339,DUTR,0.0001258503401360544
3928,1340,DUTR,0.0001292517006802721
3929,1341,DUTR,0.00013265306122448977
3930,1342,DUTR,0.00013605442176870748
3931,1343,DUTR,0.00013945578231292516
3932,1344,DUTR,0.00014285714285714284
3933,1345,DUTR,0.00014625850340136055
3934,1346,DUTR,0.00014965986394557823
3935,1347,DUTR,0.0001530612244897959
3936,1348,DUTR,0.0001564625850340136
3937,1349,DUTR,0.00015986394557823127
3938,1350,DUTR,0.00016326530612244895
3939,1351,DUTR,0.00016666666666666666
3940,1352,DUTR,0.00017006802721088434
3941,1353,DUTR,0.00017346938775510205
3942,1354,DUTR,0.00017687074829931973
3943,1355,DUTR,0.0001802721088435374
3944,1356,DUTR,0.00018367346938775512
3945,1357,DUTR,0.00018707482993197277
3946,1358,DUTR,0.00019047619047619045
3947,1359,DUTR,0.00019387755102040816
3948,1360,DUTR,0.00019727891156462584
3949,1361,DUTR,0.00020068027210884355
3950,1362,DUTR,0.00020408163265306123
3951,1363,DUTR,0.0002074829931972789
3952,1364,DUTR,0.00021088435374149662
3953,1365,DUTR,0.00021428571428571427
3954,1366,DUTR,0.00021768707482993196
3955,1367,DUTR,0.00022108843537414966
3956,1368,DUTR,0.00022448979591836734
3957,1369,DUTR,0.00022789115646258503
3958,1370,DUTR,0.00023129251700680273
3959,1371,DUTR,0.00023469387755102041
3960,1372,DUTR,0.0002380952380952381
3961,1373,DUTR,0.00024149659863945578
3962,1374,DUTR,0.00024489795918367346
3963,1375,DUTR,0.00024829931972789114
3964,1376,DUTR,0.0002517006802721088
3965,1377,DUTR,0.00025510204081632655
3966,1378,DUTR,0.00025850340136054423
3967,1379,DUTR,0.0002619047619047619
3968,1380,DUTR,0.00026530612244897954
3969,1381,DUTR,0.0002687074829931972
3970,1382,DUTR,0.00027210884353741496
3971,1383,DUTR,0.00027551020408163264
3972,1384,DUTR,0.0002789115646258503
3973,1385,DUTR,0.000282312925170068
3974,1386,DUTR,0.0002857142857142857
3975,1387,DUTR,0.00028911564625850336
3976,1388,DUTR,0.0002925170068027211
3977,1389,DUTR,0.0002959183673469388
3978,1390,DUTR,0.00029931972789115646
3979,1391,DUTR,0.00030272108843537414
3980,1392,DUTR,0.0003061224489795918
3981,1393,DUTR,0.0003078231292517007
3982,1394,DUTR,0.00030952380952380956
3983,1395,DUTR,0.0003112244897959183
3984,1396,DUTR,0.00031292517006802724
3985,1397,DUTR,0.000314625850340136
3986,1398,DUTR,0.0003163265306122449
3987,1399,DUTR,0.00031802721088435373
3988,1400,DUTR,0.0003197278911564626
3989,1401,DUTR,0.0003214285714285714
3990,1402,DUTR,0.0003231292517006803
3991,1403,DUTR,0.0003248299319727891
3992,1404,DUTR,0.000326530612244898
3993,1405,DUTR,0.0003282312925170068
3994,1406,DUTR,0.00032993197278911564
3995,1407,DUTR,0.00033163265306122445
3996,1408,DUTR,0.0003333333333333333
3997,1409,DUTR,0.00033503401360544214
3998,1410,DUTR,0.000336734693877551
3999,1411,DUTR,0.00033843537414965987
4000,1412,DUTR,0.0003401360544217687
4001,1413,DUTR,0.00034183673469387755
4002,1414,DUTR,0.00034353741496598636
4003,1415,DUTR,0.00034523809523809523
4004,1416,DUTR,0.0003469387755102041
4005,1417,DUTR,0.0003486394557823129
4006,1418,DUTR,0.0003503401360544218
4007,1419,DUTR,0.0003503401360544218
4008,1420,DUTR,0.0003503401360544217
4009,1421,DUTR,0.0003503401360544217
4010,1422,DUTR,0.0003503401360544217
4011,1423,DUTR,0.0003503401360544217
4012,1424,DUTR,0.0003503401360544217
4013,1425,DUTR,0.0003503401360544217
4014,1426,DUTR,0.0003503401360544217
4015,1427,DUTR,0.0003503401360544218
4016,1428,DUTR,0.0003503401360544218
4017,1429,DUTR,0.0003520408163265306
4018,1430,DUTR,0.00035374149659863946
4019,1431,DUTR,0.00035544217687074833
4020,1432,DUTR,0.0003571428571428571
4021,1433,DUTR,0.000358843537414966
4022,1434,DUTR,0.0003605442176870748
4023,1435,DUTR,0.00036394557823129245
4024,1436,DUTR,0.0003673469387755102
4025,1437,DUTR,0.00037074829931972787
4026,1438,DUTR,0.00037414965986394555
4027,1439,DUTR,0.00037755102040816323
4028,1440,DUTR,0.0003809523809523809
4029,1441,DUTR,0.00038435374149659864
4030,1442,DUTR,0.0003877551020408163
4031,1443,DUTR,0.000391156462585034
4032,1444,DUTR,0.0003945578231292517
4033,1445,DUTR,0.00039795918367346937
4034,1446,DUTR,0.0004013605442176871
4035,1447,DUTR,0.0004047619047619048
4036,1448,DUTR,0.00040816326530612246
4037,1449,DUTR,0.0004115646258503401
4038,1450,DUTR,0.00041496598639455777
4039,1451,DUTR,0.00041836734693877545
4040,1452,DUTR,0.0004217687074829932
4041,1453,DUTR,0.00042517006802721087
4042,1454,DUTR,0.0004285714285714286
4043,1455,DUTR,0.0004319727891156463
4044,1456,DUTR,0.00043537414965986397
4045,1457,DUTR,0.0004387755102040817
4046,1458,DUTR,0.0004421768707482994
4047,1459,DUTR,0.00044557823129251706
4048,1460,DUTR,0.00045068027210884356
4049,1461,DUTR,0.0004557823129251701
4050,1462,DUTR,0.0004608843537414966
4051,1463,DUTR,0.0004659863945578231
4052,1464,DUTR,0.0004710884353741497
4053,1465,DUTR,0.0004761904761904762
4054,1466,DUTR,0.00048129251700680274
4055,1467,DUTR,0.00048639455782312923
4056,1468,DUTR,0.0004914965986394558
4057,1469,DUTR,0.0004965986394557823
4058,1470,DUTR,0.0005017006802721089
4059,1471,DUTR,0.0005068027210884354
4060,1472,DUTR,0.0005102040816326531
4061,1473,DUTR,0.0005136054421768707
4062,1474,DUTR,0.0005170068027210885
4063,1475,DUTR,0.000522108843537415
4064,1476,DUTR,0.0005272108843537415
4065,1477,DUTR,0.000532312925170068
4066,1478,DUTR,0.0005374149659863944
4067,1479,DUTR,0.0005425170068027211
4068,1480,DUTR,0.0005476190476190475
4069,1481,DUTR,0.0005527210884353742
4070,1482,DUTR,0.0005578231292517006
4071,1483,DUTR,0.0005629251700680271
4072,1484,DUTR,0.0005663265306122449
4073,1485,DUTR,0.0005697278911564625
4074,1486,DUTR,0.0005731292517006803
4075,1487,DUTR,0.0005765306122448979
4076,1488,DUTR,0.0005799319727891156
4077,1489,DUTR,0.0005833333333333333
4078,1490,DUTR,0.000586734693877551
4079,1491,DUTR,0.0005901360544217686
4080,1492,DUTR,0.0005935374149659865
4081,1493,DUTR,0.000596938775510204
4082,1494,DUTR,0.0006003401360544218
4083,1495,DUTR,0.0006037414965986394
4084,1496,DUTR,0.0006071428571428572
4085,1497,DUTR,0.0006105442176870748
4086,1498,DUTR,0.0006139455782312926
4087,1499,DUTR,0.0006173469387755102
4088,1500,DUTR,0.0006207482993197278
4089,1501,DUTR,0.0006241496598639456
4090,1502,DUTR,0.0006275510204081633
4091,1503,DUTR,0.0006309523809523809
4092,1504,DUTR,0.0006343537414965986
4093,1505,DUTR,0.0006377551020408163
4094,1506,DUTR,0.0006411564625850341
4095,1507,DUTR,0.0006445578231292517
4096,1508,DUTR,0.0006496598639455783
4097,1509,DUTR,0.0006547619047619046
4098,1510,DUTR,0.0006598639455782314
4099,1511,DUTR,0.0006649659863945578
4100,1512,DUTR,0.0006700680272108843
4101,1513,DUTR,0.0006751700680272108
4102,1514,DUTR,0.0006802721088435375
4103,1515,DUTR,0.000685374149659864
4104,1516,DUTR,0.0006904761904761905
4105,1517,DUTR,0.0006955782312925169
4106,1518,DUTR,0.0007006802721088435
4107,1519,DUTR,0.0007057823129251701
4108,1520,DUTR,0.0007108843537414967
4109,1521,DUTR,0.0007159863945578231
4110,1522,DUTR,0.0007210884353741495
4111,1523,DUTR,0.0007261904761904762
4112,1524,DUTR,0.0007312925170068027
4113,1525,DUTR,0.0007363945578231292
4114,1526,DUTR,0.0007414965986394557
4115,1527,DUTR,0.0007465986394557823
4116,1528,DUTR,0.0007517006802721089
4117,1529,DUTR,0.0007568027210884354
4118,1530,DUTR,0.0007636054421768707
4119,1531,DUTR,0.0007704081632653061
4120,1532,DUTR,0.0007772108843537416
4121,1533,DUTR,0.0007840136054421769
4122,1534,DUTR,0.0007891156462585034
4123,1535,DUTR,0.00079421768707483
4124,1536,DUTR,0.0007993197278911566
4125,1537,DUTR,0.0008061224489795919
4126,1538,DUTR,0.0008129251700680273
4127,1539,DUTR,0.0008214285714285715
4128,1540,DUTR,0.0008316326530612246
4129,1541,DUTR,0.0008418367346938776
4130,1542,DUTR,0.0008520408163265308
4131,1543,DUTR,0.0008622448979591836
4132,1544,DUTR,0.0008724489795918366
4133,1545,DUTR,0.0008826530612244898
4134,1546,DUTR,0.0008928571428571428
4135,1547,DUTR,0.0009030612244897959
4136,1548,DUTR,0.0009132653061224489
4137,1549,DUTR,0.0009234693877551021
4138,1550,DUTR,0.0009336734693877551
4139,1551,DUTR,0.0009438775510204083
4140,1552,DUTR,0.0009540816326530612
4141,1553,DUTR,0.0009642857142857142
4142,1554,DUTR,0.0009744897959183674
4143,1555,DUTR,0.0009846938775510204
4144,1556,DUTR,0.0009948979591836735
4145,1557,DUTR,0.0010051020408163266
4146,1558,DUTR,0.0010153061224489797
4147,1559,DUTR,0.0010255102040816325
4148,1560,DUTR,0.0010374149659863946
4149,1561,DUTR,0.0010493197278911566
4150,1562,DUTR,0.0010612244897959184
4151,1563,DUTR,0.0010731292517006804
4152,1564,DUTR,0.0010850340136054422
4153,1565,DUTR,0.0010969387755102042
4154,1566,DUTR,0.0011105442176870747
4155,1567,DUTR,0.0011241496598639455
4156,1568,DUTR,0.0011377551020408164
4157,1569,DUTR,0.0011513605442176871
4158,1570,DUTR,0.0011649659863945576
4159,1571,DUTR,0.0011785714285714286
4160,1572,DUTR,0.0011921768707482993
4161,1573,DUTR,0.0012057823129251702
4162,1574,DUTR,0.0012193877551020407
4163,1575,DUTR,0.0012329931972789117
4164,1576,DUTR,0.0012448979591836735
4165,1577,DUTR,0.0012585034013605442
4166,1578,DUTR,0.0012721088435374151
4167,1579,DUTR,0.0012857142857142859
4168,1580,DUTR,0.0012993197278911564
4169,1581,DUTR,0.0013129251700680273
4170,1582,DUTR,0.001324829931972789
4171,1583,DUTR,0.0013367346938775513
4172,1584,DUTR,0.001348639455782313
4173,1585,DUTR,0.0013605442176870747
4174,1586,DUTR,0.001372448979591837
4175,1587,DUTR,0.0013843537414965988
4176,1588,DUTR,0.0013962585034013606
4177,1589,DUTR,0.0014081632653061224
4178,1590,DUTR,0.0014200680272108844
4179,1591,DUTR,0.0014319727891156462
4180,1592,DUTR,0.001443877551020408
4181,1593,DUTR,0.0014557823129251698
4182,1594,DUTR,0.001467687074829932
4183,1595,DUTR,0.0014812925170068028
4184,1596,DUTR,0.0014948979591836735
4185,1597,DUTR,0.0015085034013605442
4186,1598,DUTR,0.0015221088435374151
4187,1599,DUTR,0.0015357142857142857
4188,1600,DUTR,0.0015493197278911566
4189,1601,DUTR,0.001562925170068027
4190,1602,DUTR,0.001576530612244898
4191,1603,DUTR,0.0015901360544217685
4192,1604,DUTR,0.0016037414965986395
4193,1605,DUTR,0.0016173469387755102
4194,1606,DUTR,0.001630952380952381
4195,1607,DUTR,0.0016428571428571427
4196,1608,DUTR,0.001654761904761905
4197,1609,DUTR,0.0016666666666666666
4198,1610,DUTR,0.0016785714285714286
4199,1611,DUTR,0.0016904761904761902
4200,1612,DUTR,0.0017023809523809526
4201,1613,DUTR,0.0017142857142857142
4202,1614,DUTR,0.0017261904761904762
4203,1615,DUTR,0.0017380952380952382
4204,1616,DUTR,0.00175
4205,1617,DUTR,0.0017619047619047618
4206,1618,DUTR,0.0017738095238095236
4207,1619,DUTR,0.0017857142857142857
4208,1620,DUTR,0.0017976190476190477
4209,1621,DUTR,0.0018095238095238095
4210,1622,DUTR,0.0018214285714285715
4211,1623,DUTR,0.0018333333333333335
4212,1624,DUTR,0.0018452380952380953
4213,1625,DUTR,0.0018571428571428571
4214,1626,DUTR,0.001869047619047619
4215,1627,DUTR,0.001880952380952381
4216,1628,DUTR,0.0018928571428571427
4217,1629,DUTR,0.001903061224489796
4218,1630,DUTR,0.0019149659863945579
4219,1631,DUTR,0.0019268707482993199
4220,1632,DUTR,0.0019387755102040815
4221,1633,DUTR,0.0019506802721088437
4222,1634,DUTR,0.0019625850340136055
4223,1635,DUTR,0.0019744897959183675
4224,1636,DUTR,0.001988095238095238
4225,1637,DUTR,0.002001700680272109
4226,1638,DUTR,0.0020153061224489795
4227,1639,DUTR,0.0020289115646258504
4228,1640,DUTR,0.0020425170068027214
4229,1641,DUTR,0.0020578231292517008
4230,1642,DUTR,0.00207312925170068
4231,1643,DUTR,0.00208843537414966
4232,1644,DUTR,0.0021037414965986395
4233,1645,DUTR,0.002120748299319728
4234,1646,DUTR,0.0021377551020408166
4235,1647,DUTR,0.0021564625850340135
4236,1648,DUTR,0.002175170068027211
4237,1649,DUTR,0.002193877551020408
4238,1650,DUTR,0.0022125850340136057
4239,1651,DUTR,0.002232993197278912
4240,1652,DUTR,0.002255102040816326
4241,1653,DUTR,0.0022772108843537417
4242,1654,DUTR,0.0022993197278911564
4243,1655,DUTR,0.0023197278911564626
4244,1656,DUTR,0.0023401360544217688
4245,1657,DUTR,0.002360544217687075
4246,1658,DUTR,0.0023809523809523807
4247,1659,DUTR,0.0023996598639455784
4248,1660,DUTR,0.0024183673469387757
4249,1661,DUTR,0.002437074829931973
4250,1662,DUTR,0.00245578231292517
4251,1663,DUTR,0.002474489795918367
4252,1664,DUTR,0.0024914965986394554
4253,1665,DUTR,0.0025068027210884353
4254,1666,DUTR,0.0025221088435374147
4255,1667,DUTR,0.0025374149659863946
4256,1668,DUTR,0.0025527210884353736
4257,1669,DUTR,0.002568027210884354
4258,1670,DUTR,0.0025850340136054422
4259,1671,DUTR,0.0026020408163265306
4260,1672,DUTR,0.002619047619047619
4261,1673,DUTR,0.0026360544217687077
4262,1674,DUTR,0.002653061224489796
4263,1675,DUTR,0.0026700680272108844
4264,1676,DUTR,0.0026870748299319723
4265,1677,DUTR,0.0027023809523809526
4266,1678,DUTR,0.0027193877551020405
4267,1679,DUTR,0.0027363945578231293
4268,1680,DUTR,0.0027534013605442177
4269,1681,DUTR,0.002772108843537415
4270,1682,DUTR,0.0027908163265306127
4271,1683,DUTR,0.002807823129251701
4272,1684,DUTR,0.0028231292517006804
4273,1685,DUTR,0.0028384353741496603
4274,1686,DUTR,0.0028520408163265304
4275,1687,DUTR,0.0028656462585034013
4276,1688,DUTR,0.002879251700680272
4277,1689,DUTR,0.002892857142857143
4278,1690,DUTR,0.0029064625850340137
4279,1691,DUTR,0.002920068027210884
4280,1692,DUTR,0.002933673469387755
4281,1693,DUTR,0.0029472789115646257
4282,1694,DUTR,0.0029608843537414966
4283,1695,DUTR,0.0029744897959183675
4284,1696,DUTR,0.002988095238095238
4285,1697,DUTR,0.003001700680272109
4286,1698,DUTR,0.0030170068027210884
4287,1699,DUTR,0.0030323129251700683
4288,1700,DUTR,0.0030476190476190473
4289,1701,DUTR,0.003062925170068027
4290,1702,DUTR,0.003078231292517007
4291,1703,DUTR,0.003091836734693878
4292,1704,DUTR,0.0031054421768707484
4293,1705,DUTR,0.003119047619047619
4294,1706,DUTR,0.00313265306122449
4295,1707,DUTR,0.003144557823129252
4296,1708,DUTR,0.0031564625850340135
4297,1709,DUTR,0.0031683673469387755
4298,1710,DUTR,0.003180272108843537
4299,1711,DUTR,0.003192176870748299
4300,1712,DUTR,0.003204081632653061
4301,1713,DUTR,0.0032142857142857142
4302,1714,DUTR,0.003224489795918367
4303,1715,DUTR,0.0032346938775510204
4304,1716,DUTR,0.003244897959183673
4305,1717,DUTR,0.0032551020408163266
4306,1718,DUTR,0.0032653061224489793
4307,1719,DUTR,0.003275510204081633
4308,1720,DUTR,0.0032857142857142855
4309,1721,DUTR,0.003295918367346939
4310,1722,DUTR,0.0033061224489795917
4311,1723,DUTR,0.0033163265306122448
4312,1724,DUTR,0.00332312925170068
4313,1725,DUTR,0.0033299319727891157
4314,1726,DUTR,0.00333843537414966
4315,1727,DUTR,0.003346938775510204
4316,1728,DUTR,0.0033554421768707482
4317,1729,DUTR,0.0033639455782312924
4318,1730,DUTR,0.0033724489795918366
4319,1731,DUTR,0.003380952380952381
4320,1732,DUTR,0.003389455782312925
4321,1733,DUTR,0.0033979591836734695
4322,1734,DUTR,0.0034064625850340137
4323,1735,DUTR,0.0034149659863945575
4324,1736,DUTR,0.003423469387755102
4325,1737,DUTR,0.003431972789115646
4326,1738,DUTR,0.003440476190476191
4327,1739,DUTR,0.0034489795918367346
4328,1740,DUTR,0.0034574829931972788
4329,1741,DUTR,0.003465986394557823
4330,1742,DUTR,0.0034727891156462586
4331,1743,DUTR,0.003479591836734694
4332,1744,DUTR,0.0034863945578231287
4333,1745,DUTR,0.0034931972789115644
4334,1746,DUTR,0.0035
4335,1747,DUTR,0.0035068027210884353
4336,1748,DUTR,0.0035136054421768706
4337,1749,DUTR,0.003520408163265306
4338,1750,DUTR,0.0035272108843537415
4339,1751,DUTR,0.003534013605442177
4340,1752,DUTR,0.003540816326530612
4341,1753,DUTR,0.0035476190476190473
4342,1754,DUTR,0.003556122448979592
4343,1755,DUTR,0.003564625850340136
4344,1756,DUTR,0.0035731292517006802
4345,1757,DUTR,0.0035816326530612244
4346,1758,DUTR,0.0035901360544217686
4347,1759,DUTR,0.0035986394557823128
4348,1760,DUTR,0.0036071428571428574
4349,1761,DUTR,0.003615646258503401
4350,1762,DUTR,0.003622448979591837
4351,1763,DUTR,0.003629251700680272
4352,1764,DUTR,0.0036360544217687077
4353,1765,DUTR,0.0036428571428571434
4354,1766,DUTR,0.003649659863945578
4355,1767,DUTR,0.0036564625850340135
4356,1768,DUTR,0.00366156462585034
4357,1769,DUTR,0.0036649659863945577
4358,1770,DUTR,0.0036683673469387755
4359,1771,DUTR,0.0036717687074829934
4360,1772,DUTR,0.0036751700680272108
4361,1773,DUTR,0.003678571428571428
4362,1774,DUTR,0.0036819727891156465
4363,1775,DUTR,0.0036853741496598634
4364,1776,DUTR,0.0036904761904761906
4365,1777,DUTR,0.003693877551020408
4366,1778,DUTR,0.003697278911564626
4367,1779,DUTR,0.0037006802721088433
4368,1780,DUTR,0.003704081632653061
4369,1781,DUTR,0.00370578231292517
4370,1782,DUTR,0.003707482993197279
4371,1783,DUTR,0.003707482993197279
4372,1784,DUTR,0.003707482993197279
4373,1785,DUTR,0.003707482993197279
4374,1786,DUTR,0.003707482993197279
4375,1787,DUTR,0.003707482993197279
4376,1788,DUTR,0.00370578231292517
4377,1789,DUTR,0.003704081632653061
4378,1790,DUTR,0.0037023809523809527
4379,1791,DUTR,0.0037006802721088437
4380,1792,DUTR,0.0036972789115646263
4381,1793,DUTR,0.0036938775510204085
4382,1794,DUTR,0.0036887755102040813
4383,1795,DUTR,0.003683673469387755
4384,1796,DUTR,0.0036785714285714286
4385,1797,DUTR,0.0036734693877551023
4386,1798,DUTR,0.003666666666666666
4387,1799,DUTR,0.0036581632653061224
4388,1800,DUTR,0.0036479591836734693
4389,1801,DUTR,0.0036377551020408162
4390,1802,DUTR,0.0036275510204081636
4391,1803,DUTR,0.00361734693877551
4392,1804,DUTR,0.003607142857142858
4393,1805,DUTR,0.0035986394557823128
4394,1806,DUTR,0.003591836734693878
4395,1807,DUTR,0.0035850340136054423
4396,1808,DUTR,0.0035782312925170066
4397,1809,DUTR,0.0035714285714285713
4398,1810,DUTR,0.003566326530612245
4399,1811,DUTR,0.003564625850340136
4400,1812,DUTR,0.003564625850340136
4401,1813,DUTR,0.0035646258503401365
4402,1814,DUTR,0.0035646258503401365
4403,1815,DUTR,0.003564625850340136
4404,1816,DUTR,0.003564625850340136
4405,1817,DUTR,0.0035629251700680276
4406,1818,DUTR,0.0035612244897959187
4407,1819,DUTR,0.0035595238095238093
4408,1820,DUTR,0.0035578231292517004
4409,1821,DUTR,0.0035561224489795915
4410,1822,DUTR,0.0035561224489795923
4411,1823,DUTR,0.003556122448979592
4412,1824,DUTR,0.0035561224489795915
4413,1825,DUTR,0.003552721088435374
4414,1826,DUTR,0.003549319727891156
4415,1827,DUTR,0.003545918367346939
4416,1828,DUTR,0.0035425170068027214
4417,1829,DUTR,0.0035391156462585035
4418,1830,DUTR,0.0035391156462585035
4419,1831,DUTR,0.0035391156462585035
4420,1832,DUTR,0.0035391156462585035
4421,1833,DUTR,0.0035391156462585035
4422,1834,DUTR,0.003539115646258504
4423,1835,DUTR,0.0035391156462585035
4424,1836,DUTR,0.0035391156462585035
4425,1837,DUTR,0.0035391156462585035
4426,1838,DUTR,0.0035391156462585035
4427,1839,DUTR,0.0035391156462585035
4428,1840,DUTR,0.0035391156462585035
4429,1841,DUTR,0.003537414965986395
4430,1842,DUTR,0.0035357142857142857
4431,1843,DUTR,0.0035340136054421768
4432,1844,DUTR,0.003532312925170068
4433,1845,DUTR,0.0035289115646258504
4434,1846,DUTR,0.0035255102040816326
4435,1847,DUTR,0.003522108843537415
4436,1848,DUTR,0.0035187074829931973
4437,1849,DUTR,0.003515306122448979
4438,1850,DUTR,0.0035136054421768706
4439,1851,DUTR,0.00351360544217687
4440,1852,DUTR,0.0035136054421768706
4441,1853,DUTR,0.0035136054421768706
4442,1854,DUTR,0.0035136054421768706
4443,1855,DUTR,0.0035136054421768706
4444,1856,DUTR,0.00351360544217687
4445,1857,DUTR,0.0035153061224489795
4446,1858,DUTR,0.0035170068027210884
4447,1859,DUTR,0.0035187074829931973
4448,1860,DUTR,0.0035204081632653063
4449,1861,DUTR,0.003522108843537415
4450,1862,DUTR,0.0035238095238095237
4451,1863,DUTR,0.0035255102040816326
4452,1864,DUTR,0.0035272108843537415
4453,1865,DUTR,0.00352891156462585
4454,1866,DUTR,0.0035306122448979594
4455,1867,DUTR,0.003532312925170068
4456,1868,DUTR,0.003534013605442177
4457,1869,DUTR,0.0035374149659863946
4458,1870,DUTR,0.0035408163265306125
4459,1871,DUTR,0.003545918367346939
4460,1872,DUTR,0.003551020408163265
4461,1873,DUTR,0.003554421768707483
4462,1874,DUTR,0.003557823129251701
4463,1875,DUTR,0.0035612244897959182
4464,1876,DUTR,0.003564625850340136
4465,1877,DUTR,0.003568027210884354
4466,1878,DUTR,0.0035714285714285718
4467,1879,DUTR,0.003574829931972789
4468,1880,DUTR,0.0035782312925170066
4469,1881,DUTR,0.0035816326530612244
4470,1882,DUTR,0.0035850340136054423
4471,1883,DUTR,0.00358843537414966
4472,1884,DUTR,0.0035918367346938775
4473,1885,DUTR,0.0035952380952380954
4474,1886,DUTR,0.0035986394557823128
4475,1887,DUTR,0.0036020408163265306
4476,1888,DUTR,0.0036054421768707485
4477,1889,DUTR,0.0036088435374149663
4478,1890,DUTR,0.0036122448979591837
4479,1891,DUTR,0.00361734693877551
4480,1892,DUTR,0.0036224489795918364
4481,1893,DUTR,0.0036258503401360546
4482,1894,DUTR,0.003629251700680272
4483,1895,DUTR,0.00363265306122449
4484,1896,DUTR,0.0036360544217687077
4485,1897,DUTR,0.0036394557823129256
4486,1898,DUTR,0.003642857142857143
4487,1899,DUTR,0.0036445578231292515
4488,1900,DUTR,0.0036462585034013604
4489,1901,DUTR,0.0036462585034013604
4490,1902,DUTR,0.003646258503401361
4491,1903,DUTR,0.003646258503401361
4492,1904,DUTR,0.00364625850340136
4493,1905,DUTR,0.0036462585034013604
4494,1906,DUTR,0.0036462585034013604
4495,1907,DUTR,0.0036462585034013604
4496,1908,DUTR,0.00364625850340136
4497,1909,DUTR,0.0036479591836734693
4498,1910,DUTR,0.003649659863945578
4499,1911,DUTR,0.003651360544217687
4500,1912,DUTR,0.003653061224489796
4501,1913,DUTR,0.003654761904761905
4502,1914,DUTR,0.0036564625850340135
4503,1915,DUTR,0.0036598639455782313
4504,1916,DUTR,0.0036649659863945577
4505,1917,DUTR,0.003670068027210885
4506,1918,DUTR,0.003675170068027211
4507,1919,DUTR,0.003681972789115646
4508,1920,DUTR,0.0036904761904761906
4509,1921,DUTR,0.003698979591836735
4510,1922,DUTR,0.003707482993197279
4511,1923,DUTR,0.0037159863945578227
4512,1924,DUTR,0.0037244897959183678
4513,1925,DUTR,0.003732993197278912
4514,1926,DUTR,0.003741496598639456
4515,1927,DUTR,0.0
4516,1928,DUTR,0.0
4517,1929,DUTR,0.0
4518,1930,DUTR,0.0
4519,1931,DUTR,0.0
4520,1932,DUTR,0.0
4521,1933,DUTR,0.0
4522,1934,DUTR,0.0
4523,1935,DUTR,0.0
4524,1936,DUTR,0.0
4525,1937,DUTR,0.0
4526,1938,DUTR,0.0
4527,1939,DUTR,0.0
4528,1940,DUTR,0.0
4529,1941,DUTR,0.0
4530,1942,DUTR,0.0
4531,1943,DUTR,0.0
4532,1944,DUTR,0.0
4533,1945,DUTR,0.0
4534,1946,DUTR,0.0
4535,1947,DUTR,0.0
4536,1948,DUTR,0.0
4537,1949,DUTR,0.0
4538,1950,DUTR,0.0
4539,1951,DUTR,0.0
4540,1952,DUTR,0.0
4541,1953,DUTR,0.0
4542,1954,DUTR,0.0
4543,1955,DUTR,0.0
4544,1956,DUTR,0.0
4545,1957,DUTR,0.0
4546,1958,DUTR,0.0
4547,1959,DUTR,0.0
4548,1960,DUTR,0.0
4549,1961,DUTR,0.0
4550,1962,DUTR,0.0
4551,1963,DUTR,0.0
4552,1964,DUTR,0.0
4553,1965,DUTR,0.0
4554,1966,DUTR,0.0
4555,1967,DUTR,0.0
4556,1968,DUTR,0.0
4557,1969,DUTR,0.0
4558,1970,DUTR,0.0
4559,1971,DUTR,0.0
4560,1972,DUTR,0.0
4561,1973,DUTR,0.0
4562,1974,DUTR,0.0
4563,1975,DUTR,0.0
4564,1976,DUTR,0.0
4565,1977,DUTR,0.0
4566,1978,DUTR,0.0
4567,1979,DUTR,0.0
4568,1980,DUTR,0.0
4569,1981,DUTR,0.0
4570,1982,DUTR,0.0
4571,1983,DUTR,0.0
4572,1984,DUTR,0.0
4573,1985,DUTR,0.0
4574,1986,DUTR,0.0
4575,1987,DUTR,0.0
4576,1988,DUTR,0.0
4577,1989,DUTR,0.0
4578,1990,DUTR,0.0
4579,1991,DUTR,0.0
4580,1992,DUTR,0.0
4581,1993,DUTR,0.0
4582,1994,DUTR,0.0
4583,1995,DUTR,0.0
4584,1996,DUTR,0.0
4585,1997,DUTR,0.0
4586,1998,DUTR,0.0
4587,1999,DUTR,0.0
