,position,variable,density
0,853,exon,0.0
1,854,exon,0.0
2,855,exon,0.0
3,856,exon,0.0
4,857,exon,0.0
5,858,exon,0.0
6,859,exon,0.0
7,860,exon,0.0
8,861,exon,0.0
9,862,exon,0.0
10,863,exon,0.0
11,864,exon,0.0
12,865,exon,0.0
13,866,exon,0.0
14,867,exon,0.0
15,868,exon,0.0
16,869,exon,0.0
17,870,exon,0.0
18,871,exon,0.0
19,872,exon,0.0
20,873,exon,0.0
21,874,exon,0.0
22,875,exon,0.0
23,876,exon,0.0
24,877,exon,0.0
25,878,exon,0.0
26,879,exon,0.0
27,880,exon,0.0
28,881,exon,0.0
29,882,exon,0.0
30,883,exon,0.0
31,884,exon,0.0
32,885,exon,0.0
33,886,exon,0.0
34,887,exon,0.0
35,888,exon,0.0
36,889,exon,0.0
37,890,exon,0.0
38,891,exon,0.0
39,892,exon,0.0
40,893,exon,0.0
41,894,exon,0.0
42,895,exon,0.0
43,896,exon,0.0
44,897,exon,0.0
45,898,exon,0.0
46,899,exon,0.0
47,900,exon,0.0
48,901,exon,0.0
49,902,exon,0.0
50,903,exon,0.0
51,904,exon,0.0
52,905,exon,0.0
53,906,exon,0.0
54,907,exon,0.0
55,908,exon,0.0
56,909,exon,0.0
57,910,exon,0.0
58,911,exon,0.0
59,912,exon,0.0
60,913,exon,0.0
61,914,exon,0.0
62,915,exon,0.0
63,916,exon,0.0
64,917,exon,0.0
65,918,exon,0.0
66,919,exon,0.0
67,920,exon,0.0
68,921,exon,0.0
69,922,exon,0.0
70,923,exon,0.0
71,924,exon,0.0
72,925,exon,0.0
73,926,exon,0.0
74,927,exon,0.1702127659574468
75,928,exon,0.18518518518518517
76,929,exon,0.41114982578397213
77,930,exon,0.47680412371134023
78,931,exon,0.4969450101832994
79,932,exon,0.5008319467554077
80,933,exon,0.5105189340813464
81,934,exon,0.5192307692307693
82,935,exon,0.5329842931937173
83,936,exon,0.5433579335793358
84,937,exon,0.5395273023634882
85,938,exon,0.5325144508670521
86,939,exon,0.5344938749194068
87,940,exon,0.5363741339491916
88,941,exon,0.5428126621691749
89,942,exon,0.5437939110070258
90,943,exon,0.545031712473573
91,944,exon,0.5509578544061303
92,945,exon,0.5555555555555556
93,946,exon,0.5600762873490146
94,947,exon,0.567646203084085
95,948,exon,0.5699440447641887
96,949,exon,0.5726516634050881
97,950,exon,0.5782481423102904
98,951,exon,0.5783132530120482
99,952,exon,0.5794123295563665
100,953,exon,0.5764852365706155
101,954,exon,0.5773858579198945
102,955,exon,0.5806896551724138
103,956,exon,0.5856306241965433
104,957,exon,0.5888785171356181
105,958,exon,0.5901209928901086
106,959,exon,0.5919083255378859
107,960,exon,0.5940246045694201
108,961,exon,0.5965220991615775
109,962,exon,0.5974799765579215
110,963,exon,0.5991319604764983
111,964,exon,0.599405490470362
112,965,exon,0.5990882718607542
113,966,exon,0.6007715320421981
114,967,exon,0.6010486891385768
115,968,exon,0.6029002071576541
116,969,exon,0.6043401119148355
117,970,exon,0.6051841211804648
118,971,exon,0.6062179406981109
119,972,exon,0.6084138510472303
120,973,exon,0.6096154954747218
121,974,exon,0.6106336973997893
122,975,exon,0.6118319184152918
123,976,exon,0.6124749112243323
124,977,exon,0.6132810561318179
125,978,exon,0.6138922155688623
126,979,exon,0.6149039574172646
127,980,exon,0.61609380594343
128,981,exon,0.6159075164530655
129,982,exon,0.6161197032566327
130,983,exon,0.616046776027286
131,984,exon,0.616317053012712
132,985,exon,0.6168791510802352
133,986,exon,0.617638343581006
134,987,exon,0.6179019671305787
135,988,exon,0.618061135371179
136,989,exon,0.618958729296769
137,990,exon,0.6189470906452038
138,991,exon,0.6194233298053177
139,992,exon,0.6198140869673716
140,993,exon,0.6199739022243802
141,994,exon,0.6204045474678872
142,995,exon,0.6208780151223299
143,996,exon,0.6201702318288722
144,997,exon,0.6210687106189138
145,998,exon,0.6216927699630388
146,999,exon,0.621949638235523
147,1000,exon,0.6215457030063771
148,1001,exon,0.6221678649964174
149,1002,exon,0.6222458189540748
150,1003,exon,0.6227069087479368
151,1004,exon,0.6232054384145639
152,1005,exon,0.6236484051180393
153,1006,exon,0.6233811998942824
154,1007,exon,0.6241626639670881
155,1008,exon,0.6249262412543202
156,1009,exon,0.6252191670620268
157,1010,exon,0.6262473235567406
158,1011,exon,0.6265360641139804
159,1012,exon,0.6265927118282489
160,1013,exon,0.6265756602087571
161,1014,exon,0.6264449250503393
162,1015,exon,0.6267944333705173
163,1016,exon,0.6272518481303381
164,1017,exon,0.627676810369118
165,1018,exon,0.6277903619041032
166,1019,exon,0.6282007742987163
167,1020,exon,0.6286715036277208
168,1021,exon,0.628929168442099
169,1022,exon,0.6294196291941173
170,1023,exon,0.6297252355689287
171,1024,exon,0.6295806014545794
172,1025,exon,0.6300364616845912
173,1026,exon,0.6299461855017411
174,1027,exon,0.6298845800077144
175,1028,exon,0.6301515903846715
176,1029,exon,0.6304869807766962
177,1030,exon,0.6304350904019596
178,1031,exon,0.6305484667196586
179,1032,exon,0.6310336772970225
180,1033,exon,0.6311791705593242
181,1034,exon,0.630889947555947
182,1035,exon,0.6312687470399411
183,1036,exon,0.6313529640679725
184,1037,exon,0.6313944712368721
185,1038,exon,0.6313525107241988
186,1039,exon,0.6314145248615346
187,1040,exon,0.631591874831135
188,1041,exon,0.6318449567304196
189,1042,exon,0.632028520840312
190,1043,exon,0.6324137279448236
191,1044,exon,0.632646873615225
192,1045,exon,0.632860811386589
193,1046,exon,0.6329898548746645
194,1047,exon,0.6330075272441299
195,1048,exon,0.6333185349611543
196,1049,exon,0.6331805421528204
197,1050,exon,0.6331718734761549
198,1051,exon,0.6330513012744993
199,1052,exon,0.6332539304430681
200,1053,exon,0.6335918610858166
201,1054,exon,0.6335430724013743
202,1055,exon,0.6336758294614897
203,1056,exon,0.6338525693579895
204,1057,exon,0.6337187765930821
205,1058,exon,0.6337849615719832
206,1059,exon,0.633987632664661
207,1060,exon,0.6339419916022614
208,1061,exon,0.6340447583586043
209,1062,exon,0.6340666438694479
210,1063,exon,0.6343394452280207
211,1064,exon,0.6344814745857382
212,1065,exon,0.6346442758785957
213,1066,exon,0.6347001542350762
214,1067,exon,0.634855934347999
215,1068,exon,0.6351209818191583
216,1069,exon,0.6351690444312429
217,1070,exon,0.6353822640713934
218,1071,exon,0.6357434366814887
219,1072,exon,0.6358134321924304
220,1073,exon,0.6358728151856344
221,1074,exon,0.6363590147683079
222,1075,exon,0.6369122158255243
223,1076,exon,0.6369578629671008
224,1077,exon,0.6370509458777597
225,1078,exon,0.6372963434152747
226,1079,exon,0.6375439854033624
227,1080,exon,0.6377108024641454
228,1081,exon,0.6378445612486459
229,1082,exon,0.6380054810235493
230,1083,exon,0.638179387592055
231,1084,exon,0.6384046756797097
232,1085,exon,0.6389315895843249
233,1086,exon,0.6391615113881266
234,1087,exon,0.6394373358189984
235,1088,exon,0.6396585384527045
236,1089,exon,0.6398925483988799
237,1090,exon,0.6401567594967355
238,1091,exon,0.6402139487997351
239,1092,exon,0.6403887446599981
240,1093,exon,0.6403854740288734
241,1094,exon,0.6405220532713463
242,1095,exon,0.6407319283099203
243,1096,exon,0.6407964867777624
244,1097,exon,0.6407367407104703
245,1098,exon,0.6408511071075725
246,1099,exon,0.6412214844710613
247,1100,exon,0.6414736917924154
248,1101,exon,0.6418214559881764
249,1102,exon,0.6419872207213002
250,1103,exon,0.6419369770340039
251,1104,exon,0.6418975978426711
252,1105,exon,0.6420356486065921
253,1106,exon,0.6421268614620939
254,1107,exon,0.6422098965912366
255,1108,exon,0.6423710162399333
256,1109,exon,0.6426110113160599
257,1110,exon,0.6426913344440339
258,1111,exon,0.6428606195459444
259,1112,exon,0.643369498862312
260,1113,exon,0.6431834542333462
261,1114,exon,0.6433534555400533
262,1115,exon,0.643376549974842
263,1116,exon,0.6434147985610026
264,1117,exon,0.6433989853570129
265,1118,exon,0.6435839631626913
266,1119,exon,0.643470290900883
267,1120,exon,0.6436077595919454
268,1121,exon,0.6436274643470673
269,1122,exon,0.6436189400178319
270,1123,exon,0.6436109846348309
271,1124,exon,0.6438217649773338
272,1125,exon,0.6438950336152678
273,1126,exon,0.644071582310181
274,1127,exon,0.6440256333991293
275,1128,exon,0.6442316781677493
276,1129,exon,0.6444774206603487
277,1130,exon,0.6445572042749902
278,1131,exon,0.6446625998195505
279,1132,exon,0.6449770230173522
280,1133,exon,0.6449934106129475
281,1134,exon,0.6449273901444134
282,1135,exon,0.645254886157566
283,1136,exon,0.6452745570631558
284,1137,exon,0.6454748033398663
285,1138,exon,0.6457427390347346
286,1139,exon,0.6457645543119414
287,1140,exon,0.6458264831603175
288,1141,exon,0.6458930357106903
289,1142,exon,0.6460590438600025
290,1143,exon,0.6466164403797859
291,1144,exon,0.6465656803143788
292,1145,exon,0.6467267485231557
293,1146,exon,0.6466893940922142
294,1147,exon,0.6469278328321257
295,1148,exon,0.6469210264142815
296,1149,exon,0.646843679275784
297,1150,exon,0.6469267944163977
298,1151,exon,0.6470397776713502
299,1152,exon,0.6470898006305826
300,1153,exon,0.6473808349158934
301,1154,exon,0.647384373900571
302,1155,exon,0.6474819656585498
303,1156,exon,0.6473619964736199
304,1157,exon,0.6471946119167888
305,1158,exon,0.6472479589963904
306,1159,exon,0.6473947132006642
307,1160,exon,0.6475638841567292
308,1161,exon,0.6477941076131603
309,1162,exon,0.6478847257522341
310,1163,exon,0.6479792554683598
311,1164,exon,0.6478685065157516
312,1165,exon,0.6479334193265087
313,1166,exon,0.6478825817179845
314,1167,exon,0.6478360504566005
315,1168,exon,0.6479596407920218
316,1169,exon,0.6479544999620372
317,1170,exon,0.6479831322802531
318,1171,exon,0.6482998331336939
319,1172,exon,0.6480439953674487
320,1173,exon,0.6483075277332055
321,1174,exon,0.6485777505636116
322,1175,exon,0.6484672326544269
323,1176,exon,0.6485042735042735
324,1177,exon,0.6485764253235397
325,1178,exon,0.6486463757349797
326,1179,exon,0.6484674463992361
327,1180,exon,0.6483831038217546
328,1181,exon,0.648652838058734
329,1182,exon,0.648559368691503
330,1183,exon,0.6485829043389716
331,1184,exon,0.6484786227905494
332,1185,exon,0.6488395201930585
333,1186,exon,0.6489073466978617
334,1187,exon,0.6488258093935249
335,1188,exon,0.6487510975635873
336,1189,exon,0.6486264188188847
337,1190,exon,0.6484797672535488
338,1191,exon,0.6485562910103809
339,1192,exon,0.6486966654199154
340,1193,exon,0.6487154541851331
341,1194,exon,0.648875796040376
342,1195,exon,0.6488551275094954
343,1196,exon,0.6490075826772795
344,1197,exon,0.6490328391600264
345,1198,exon,0.6493548081891689
346,1199,exon,0.6492692958403827
347,1200,exon,0.649121653221092
348,1201,exon,0.6491586485655287
349,1202,exon,0.6492860392421597
350,1203,exon,0.6493690805341491
351,1204,exon,0.6494520961834649
352,1205,exon,0.6492725795731482
353,1206,exon,0.649320279140673
354,1207,exon,0.649448984737693
355,1208,exon,0.6493221749858786
356,1209,exon,0.6494939037560609
357,1210,exon,0.6494148205648773
358,1211,exon,0.6494408915815849
359,1212,exon,0.6495060192195253
360,1213,exon,0.6493768920472045
361,1214,exon,0.649402660363297
362,1215,exon,0.6493210621605311
363,1216,exon,0.6493744093744094
364,1217,exon,0.6491003447100269
365,1218,exon,0.6489837444669688
366,1219,exon,0.648993319231179
367,1220,exon,0.6488302220595412
368,1221,exon,0.6489293410977119
369,1222,exon,0.6487424177440108
370,1223,exon,0.6484679622977495
371,1224,exon,0.6485415833358974
372,1225,exon,0.6483484293698207
373,1226,exon,0.6483575909273508
374,1227,exon,0.6484733060820017
375,1228,exon,0.6483850695548953
376,1229,exon,0.6482552715058779
377,1230,exon,0.6480217536970377
378,1231,exon,0.6480164276177612
379,1232,exon,0.6476313421742362
380,1233,exon,0.6475610329742697
381,1234,exon,0.6476280998876696
382,1235,exon,0.6473620829430701
383,1236,exon,0.6474522267877
384,1237,exon,0.6473163484637754
385,1238,exon,0.6472646940052101
386,1239,exon,0.6471633596991598
387,1240,exon,0.6474113878268059
388,1241,exon,0.6472541913902274
389,1242,exon,0.6473104207729199
390,1243,exon,0.6472525803279475
391,1244,exon,0.64727558197286
392,1245,exon,0.6473803771101069
393,1246,exon,0.6471794789295453
394,1247,exon,0.6472845098576564
395,1248,exon,0.6470935069340678
396,1249,exon,0.6469131406002137
397,1250,exon,0.646783075563053
398,1251,exon,0.6469498220119959
399,1252,exon,0.6469869607356067
400,1253,exon,0.6468341413251065
401,1254,exon,0.6467619779824317
402,1255,exon,0.6465178798285373
403,1256,exon,0.6461413364872857
404,1257,exon,0.6460512778303634
405,1258,exon,0.6460297429045109
406,1259,exon,0.645708145637889
407,1260,exon,0.6459655109579737
408,1261,exon,0.6460027887520334
409,1262,exon,0.6458998669328011
410,1263,exon,0.6458269094545606
411,1264,exon,0.6457870563674322
412,1265,exon,0.6455556392298617
413,1266,exon,0.645706524473062
414,1267,exon,0.645365345519918
415,1268,exon,0.6453144333801905
416,1269,exon,0.6455585169191322
417,1270,exon,0.6455912306353057
418,1271,exon,0.6454208235234337
419,1272,exon,0.645577677071134
420,1273,exon,0.6451187671687234
421,1274,exon,0.6449056121361912
422,1275,exon,0.6450191309100847
423,1276,exon,0.6447852655723113
424,1277,exon,0.6448688701737535
425,1278,exon,0.6448200598082013
426,1279,exon,0.6444341117310739
427,1280,exon,0.6445796126137785
428,1281,exon,0.6447572034960621
429,1282,exon,0.6446082677847466
430,1283,exon,0.644484183478593
431,1284,exon,0.6445030140132042
432,1285,exon,0.6440711944773726
433,1286,exon,0.6438821587345951
434,1287,exon,0.6438298617188868
435,1288,exon,0.6440047709254192
436,1289,exon,0.6438175586606908
437,1290,exon,0.64362765386004
438,1291,exon,0.6433828071228138
439,1292,exon,0.6432177688179174
440,1293,exon,0.6433475976574613
441,1294,exon,0.6433828425323378
442,1295,exon,0.6434753987528132
443,1296,exon,0.6437593033309267
444,1297,exon,0.6435646217188993
445,1298,exon,0.6434970154195864
446,1299,exon,0.6433490557578149
447,1300,exon,0.6431716082659479
448,1301,exon,0.6428822210819132
449,1302,exon,0.6425259777745707
450,1303,exon,0.6428829643018527
451,1304,exon,0.6429379963596519
452,1305,exon,0.6428402925218212
453,1306,exon,0.6428175313872196
454,1307,exon,0.6427068436250353
455,1308,exon,0.6425187794927026
456,1309,exon,0.6423907078836656
457,1310,exon,0.6421534936998855
458,1311,exon,0.6420399243384203
459,1312,exon,0.6421256980927232
460,1313,exon,0.6421966756704434
461,1314,exon,0.642082509653223
462,1315,exon,0.6419275413295814
463,1316,exon,0.6417322104325889
464,1317,exon,0.6415501138422935
465,1318,exon,0.6414071811680572
466,1319,exon,0.641358399029715
467,1320,exon,0.6412080311074553
468,1321,exon,0.6410237201157444
469,1322,exon,0.6408649561424081
470,1323,exon,0.6409492481203007
471,1324,exon,0.6406606029791161
472,1325,exon,0.6405844676495835
473,1326,exon,0.6406112670465822
474,1327,exon,0.640810529305937
475,1328,exon,0.6408777405675145
476,1329,exon,0.640834561095005
477,1330,exon,0.640898658108018
478,1331,exon,0.6411885949845414
479,1332,exon,0.6409224326675781
480,1333,exon,0.6407839531007529
481,1334,exon,0.6410810084549756
482,1335,exon,0.6410899895193315
483,1336,exon,0.6410782585238495
484,1337,exon,0.6410959433106138
485,1338,exon,0.6410092683965094
486,1339,exon,0.6406390879036714
487,1340,exon,0.6406046592962481
488,1341,exon,0.6403477177373037
489,1342,exon,0.6402095241811194
490,1343,exon,0.6401008679333803
491,1344,exon,0.6402679699513227
492,1345,exon,0.6397809359296482
493,1346,exon,0.63991306143724
494,1347,exon,0.6396728419392984
495,1348,exon,0.6397341969628152
496,1349,exon,0.6394459559732871
497,1350,exon,0.6390185873605948
498,1351,exon,0.6392351626520983
499,1352,exon,0.6394127892510575
500,1353,exon,0.6392185411971198
501,1354,exon,0.6390507119660255
502,1355,exon,0.6390304462310149
503,1356,exon,0.6388250754893011
504,1357,exon,0.638717719317645
505,1358,exon,0.6385889273914095
506,1359,exon,0.638553243895299
507,1360,exon,0.6386545270612038
508,1361,exon,0.6384648135758165
509,1362,exon,0.6385099098916058
510,1363,exon,0.6383524549276705
511,1364,exon,0.638485630630171
512,1365,exon,0.6382558912232276
513,1366,exon,0.6381788564579086
514,1367,exon,0.6385224274406333
515,1368,exon,0.6383604769596395
516,1369,exon,0.638301820656096
517,1370,exon,0.6383077638307764
518,1371,exon,0.6380879414413948
519,1372,exon,0.6381142098273572
520,1373,exon,0.6378267107479259
521,1374,exon,0.6373505021461016
522,1375,exon,0.6372130411633904
523,1376,exon,0.6372746958459301
524,1377,exon,0.6375777016048723
525,1378,exon,0.6374837191714634
526,1379,exon,0.6376428736817732
527,1380,exon,0.637747031404889
528,1381,exon,0.6373165396929384
529,1382,exon,0.6374849132911259
530,1383,exon,0.6374706961844046
531,1384,exon,0.63742161760017
532,1385,exon,0.6374013693816486
533,1386,exon,0.6374770622626211
534,1387,exon,0.6371322900632803
535,1388,exon,0.6371512717536814
536,1389,exon,0.636923539131741
537,1390,exon,0.6369275424639862
538,1391,exon,0.6368718092324925
539,1392,exon,0.6368177992619608
540,1393,exon,0.6364707535645951
541,1394,exon,0.6365369203110447
542,1395,exon,0.6366201156721681
543,1396,exon,0.6365069528251628
544,1397,exon,0.6367181542885776
545,1398,exon,0.6364549115474021
546,1399,exon,0.6360793746241732
547,1400,exon,0.6364920812249458
548,1401,exon,0.636412512755242
549,1402,exon,0.636201741271656
550,1403,exon,0.6362895499047388
551,1404,exon,0.6363566156595801
552,1405,exon,0.6364118661302445
553,1406,exon,0.6363847737992426
554,1407,exon,0.6361327388478516
555,1408,exon,0.6360121329289024
556,1409,exon,0.636228044789742
557,1410,exon,0.6362734165923283
558,1411,exon,0.6363575433971538
559,1412,exon,0.6364826606089768
560,1413,exon,0.6362566281403091
561,1414,exon,0.6366300942199064
562,1415,exon,0.6367696357459446
563,1416,exon,0.6364711980528261
564,1417,exon,0.6364939447636031
565,1418,exon,0.6365414179779345
566,1419,exon,0.6361557359417632
567,1420,exon,0.6362853028877223
568,1421,exon,0.6363491847208975
569,1422,exon,0.6361858190709047
570,1423,exon,0.6361368942543135
571,1424,exon,0.6359955287891231
572,1425,exon,0.6360022390020448
573,1426,exon,0.6360973823906279
574,1427,exon,0.6357198514919559
575,1428,exon,0.6355560656490302
576,1429,exon,0.6353979859290937
577,1430,exon,0.6354247026448203
578,1431,exon,0.635232383808096
579,1432,exon,0.6354406108139952
580,1433,exon,0.6357672594323796
581,1434,exon,0.6356777804818691
582,1435,exon,0.6351796824217661
583,1436,exon,0.6352306547619048
584,1437,exon,0.6345195398015744
585,1438,exon,0.6347297707074713
586,1439,exon,0.6346985024414177
587,1440,exon,0.6346203346203346
588,1441,exon,0.6345930743540166
589,1442,exon,0.6344483568075118
590,1443,exon,0.6342667701206179
591,1444,exon,0.6343083227356224
592,1445,exon,0.6342332142141079
593,1446,exon,0.6341535444697766
594,1447,exon,0.6341068026647418
595,1448,exon,0.634059044526352
596,1449,exon,0.6339378976355522
597,1450,exon,0.6335160067046278
598,1451,exon,0.6330551554185169
599,1452,exon,0.6330773999713863
600,1453,exon,0.632955223880597
601,1454,exon,0.63286537679669
602,1455,exon,0.6328647043326228
603,1456,exon,0.632652571743797
604,1457,exon,0.6324878704904645
605,1458,exon,0.6326101075217088
606,1459,exon,0.6324721469436917
607,1460,exon,0.6323128513184242
608,1461,exon,0.632205846822904
609,1462,exon,0.6320113245898465
610,1463,exon,0.632175272348315
611,1464,exon,0.6321883723752882
612,1465,exon,0.632157358554791
613,1466,exon,0.6322223981101518
614,1467,exon,0.6320835264557364
615,1468,exon,0.6317834192586801
616,1469,exon,0.6320239843367597
617,1470,exon,0.6314608945052521
618,1471,exon,0.6317139945735577
619,1472,exon,0.6314773370059762
620,1473,exon,0.6314447592067989
621,1474,exon,0.6311419794969221
622,1475,exon,0.6309585588257098
623,1476,exon,0.6311288765685716
624,1477,exon,0.630909000768449
625,1478,exon,0.6308034162570137
626,1479,exon,0.6306883175013677
627,1480,exon,0.6304653740302113
628,1481,exon,0.6301294684062165
629,1482,exon,0.6300858202895654
630,1483,exon,0.6300749433858396
631,1484,exon,0.6298082946999123
632,1485,exon,0.6294372294372295
633,1486,exon,0.6292991869714372
634,1487,exon,0.629167243484061
635,1488,exon,0.6290259551992335
636,1489,exon,0.6288084445510675
637,1490,exon,0.6288431623012811
638,1491,exon,0.6284281063552183
639,1492,exon,0.6288077747751176
640,1493,exon,0.6285866775103566
641,1494,exon,0.6286783423276652
642,1495,exon,0.6287670185100199
643,1496,exon,0.628729747328371
644,1497,exon,0.6289590445868017
645,1498,exon,0.6284766685447933
646,1499,exon,0.6285699629377893
647,1500,exon,0.6284723560007706
648,1501,exon,0.628364908489923
649,1502,exon,0.6285438268822052
650,1503,exon,0.6284619651449285
651,1504,exon,0.6284684545031778
652,1505,exon,0.628358537184844
653,1506,exon,0.6278660068913703
654,1507,exon,0.6277953613863955
655,1508,exon,0.6278562242631298
656,1509,exon,0.6276195803468058
657,1510,exon,0.6274295242561617
658,1511,exon,0.6272959716134419
659,1512,exon,0.6274135813759046
660,1513,exon,0.6273532451561417
661,1514,exon,0.6267473699380314
662,1515,exon,0.6262643489668744
663,1516,exon,0.6260279011113155
664,1517,exon,0.6260390361952862
665,1518,exon,0.625903638255007
666,1519,exon,0.6257596730604442
667,1520,exon,0.6255361832987977
668,1521,exon,0.6257300668622321
669,1522,exon,0.6256201299130826
670,1523,exon,0.6255678732732016
671,1524,exon,0.6251889569575941
672,1525,exon,0.6248655824759376
673,1526,exon,0.6247374717532899
674,1527,exon,0.624507559625213
675,1528,exon,0.6244236560859252
676,1529,exon,0.6240392826643895
677,1530,exon,0.6236622352862583
678,1531,exon,0.6239163009739912
679,1532,exon,0.6237155526975068
680,1533,exon,0.6234471841378015
681,1534,exon,0.6233912786480024
682,1535,exon,0.623321583295213
683,1536,exon,0.6231253284464986
684,1537,exon,0.6231578947368421
685,1538,exon,0.6230959492883885
686,1539,exon,0.6227832679030729
687,1540,exon,0.6231324059763009
688,1541,exon,0.622613583901366
689,1542,exon,0.6222276615129387
690,1543,exon,0.6219837681790947
691,1544,exon,0.6218770456033166
692,1545,exon,0.6218552814881586
693,1546,exon,0.6220009301562115
694,1547,exon,0.621569782575934
695,1548,exon,0.6213175263107342
696,1549,exon,0.6213464154677001
697,1550,exon,0.6214527538465773
698,1551,exon,0.6211511425972379
699,1552,exon,0.6208057859794895
700,1553,exon,0.6202468657995494
701,1554,exon,0.6204805935441006
702,1555,exon,0.62019877188362
703,1556,exon,0.6200099938926211
704,1557,exon,0.6196869874628194
705,1558,exon,0.6197388932190179
706,1559,exon,0.6195699134530961
707,1560,exon,0.6195087915154898
708,1561,exon,0.6192272759030252
709,1562,exon,0.6186392064136107
710,1563,exon,0.6186606892687028
711,1564,exon,0.6185399248078111
712,1565,exon,0.6184569132645894
713,1566,exon,0.6184245698448205
714,1567,exon,0.6186383362452799
715,1568,exon,0.6188440154658087
716,1569,exon,0.6182838246516492
717,1570,exon,0.6180441551089726
718,1571,exon,0.6181864565322146
719,1572,exon,0.6177952510041586
720,1573,exon,0.6175952245594087
721,1574,exon,0.6175959923718441
722,1575,exon,0.617598859992875
723,1576,exon,0.6172471357027695
724,1577,exon,0.6169747707077345
725,1578,exon,0.616778715491346
726,1579,exon,0.6164852477800057
727,1580,exon,0.6163564401869963
728,1581,exon,0.6163598770927261
729,1582,exon,0.6164706558932628
730,1583,exon,0.6159715523819121
731,1584,exon,0.6162894623035895
732,1585,exon,0.6160597006307827
733,1586,exon,0.6155313705935914
734,1587,exon,0.6152911040680762
735,1588,exon,0.6150881057268722
736,1589,exon,0.6149225143653143
737,1590,exon,0.6147978088083579
738,1591,exon,0.6147220160926564
739,1592,exon,0.6146023050136232
740,1593,exon,0.6144026377602381
741,1594,exon,0.6143823310302516
742,1595,exon,0.6145621553628107
743,1596,exon,0.6145824179043267
744,1597,exon,0.6145057201525373
745,1598,exon,0.6146728354263054
746,1599,exon,0.6143754320424762
747,1600,exon,0.6142800335792868
748,1601,exon,0.6143124732673559
749,1602,exon,0.6143393105078137
750,1603,exon,0.6140044669930629
751,1604,exon,0.6140982343879606
752,1605,exon,0.6140759418570158
753,1606,exon,0.613780504106822
754,1607,exon,0.6136982226518927
755,1608,exon,0.6134346142389038
756,1609,exon,0.613479090854859
757,1610,exon,0.6131354160444418
758,1611,exon,0.6129519423427734
759,1612,exon,0.6127762141445595
760,1613,exon,0.6129472248452419
761,1614,exon,0.6127376682623767
762,1615,exon,0.6126720355790612
763,1616,exon,0.6126630263098515
764,1617,exon,0.6127652524887423
765,1618,exon,0.6126624649437592
766,1619,exon,0.6128043717826789
767,1620,exon,0.6126736084873581
768,1621,exon,0.6127392389742038
769,1622,exon,0.6126779763707967
770,1623,exon,0.6121919781636213
771,1624,exon,0.6122067866089729
772,1625,exon,0.6119843127717144
773,1626,exon,0.6118137680166811
774,1627,exon,0.6119230124502827
775,1628,exon,0.6116451524306509
776,1629,exon,0.6113818654037124
777,1630,exon,0.6114179070229918
778,1631,exon,0.611852282996615
779,1632,exon,0.6120577274051807
780,1633,exon,0.6121066936932786
781,1634,exon,0.6120174049416504
782,1635,exon,0.612142483297928
783,1636,exon,0.6121436276776082
784,1637,exon,0.6120556652678351
785,1638,exon,0.6122644423849243
786,1639,exon,0.6119324508227143
787,1640,exon,0.6119772716716468
788,1641,exon,0.6118396577380952
789,1642,exon,0.6113016621917341
790,1643,exon,0.6112811747338979
791,1644,exon,0.611177669555476
792,1645,exon,0.6114382750669907
793,1646,exon,0.611278371421886
794,1647,exon,0.6110685890126368
795,1648,exon,0.6111867110881705
796,1649,exon,0.6112451057165231
797,1650,exon,0.6110144109391417
798,1651,exon,0.6107264534564237
799,1652,exon,0.6107329801782543
800,1653,exon,0.6108059616928185
801,1654,exon,0.6106742723877657
802,1655,exon,0.610731584178723
803,1656,exon,0.6102870322101638
804,1657,exon,0.6102402682652915
805,1658,exon,0.6101520430788724
806,1659,exon,0.6100318749107978
807,1660,exon,0.6097111735657917
808,1661,exon,0.6101748807631161
809,1662,exon,0.6105760812467169
810,1663,exon,0.6107940960821193
811,1664,exon,0.6106526631657915
812,1665,exon,0.6108340526198012
813,1666,exon,0.6108203281312525
814,1667,exon,0.6113613413050796
815,1668,exon,0.6111111111111112
816,1669,exon,0.6112459611953255
817,1670,exon,0.6111102168279059
818,1671,exon,0.6112606586179661
819,1672,exon,0.6114115083528368
820,1673,exon,0.6109997737337169
821,1674,exon,0.6107029581202666
822,1675,exon,0.6105907897721748
823,1676,exon,0.6108316838108836
824,1677,exon,0.6108782532410566
825,1678,exon,0.6104143282416671
826,1679,exon,0.6105717543573872
827,1680,exon,0.610599115924772
828,1681,exon,0.6105022458146182
829,1682,exon,0.6103779293201851
830,1683,exon,0.6103615404768142
831,1684,exon,0.610502672394006
832,1685,exon,0.6102201283671761
833,1686,exon,0.6100419097707289
834,1687,exon,0.609935496610281
835,1688,exon,0.610069524531286
836,1689,exon,0.6099105935139059
837,1690,exon,0.6100320417533776
838,1691,exon,0.6095447555107238
839,1692,exon,0.6095428883627755
840,1693,exon,0.6095410167581097
841,1694,exon,0.6092404202001427
842,1695,exon,0.6093415083993818
843,1696,exon,0.6094059323584702
844,1697,exon,0.6095342794323406
845,1698,exon,0.6096767737416191
846,1699,exon,0.6096294193289801
847,1700,exon,0.6099767554641382
848,1701,exon,0.6098859697593811
849,1702,exon,0.6098591549295774
850,1703,exon,0.6096504482723885
851,1704,exon,0.6098110416246385
852,1705,exon,0.6094810026429641
853,1706,exon,0.609291505824048
854,1707,exon,0.609037659728904
855,1708,exon,0.6087052062204192
856,1709,exon,0.6091512340454346
857,1710,exon,0.608767884993558
858,1711,exon,0.6085901027077497
859,1712,exon,0.6082691555736897
860,1713,exon,0.6080324156834704
861,1714,exon,0.6078899364099767
862,1715,exon,0.6074976953805182
863,1716,exon,0.6077332011418608
864,1717,exon,0.6078495138983979
865,1718,exon,0.6076539443692266
866,1719,exon,0.6079383601606205
867,1720,exon,0.6076662714980328
868,1721,exon,0.6077787143274904
869,1722,exon,0.6078330060969309
870,1723,exon,0.6077045109670299
871,1724,exon,0.6076545937920795
872,1725,exon,0.6076428497355595
873,1726,exon,0.6075618619138259
874,1727,exon,0.6072870285347979
875,1728,exon,0.607098251457119
876,1729,exon,0.6069263768518679
877,1730,exon,0.6073241983724004
878,1731,exon,0.6075034818941504
879,1732,exon,0.607585449601729
880,1733,exon,0.6077374096953199
881,1734,exon,0.6078928059816219
882,1735,exon,0.6077056261914339
883,1736,exon,0.607419208010924
884,1737,exon,0.6072968142151194
885,1738,exon,0.6071879604293833
886,1739,exon,0.6069352997980862
887,1740,exon,0.6073675700376112
888,1741,exon,0.6069669247009148
889,1742,exon,0.6067031825146622
890,1743,exon,0.6067065108160998
891,1744,exon,0.6067734989940348
892,1745,exon,0.606904349669623
893,1746,exon,0.6070885359555729
894,1747,exon,0.6068836089373606
895,1748,exon,0.6066352390741857
896,1749,exon,0.6063256110973143
897,1750,exon,0.6063780674029617
898,1751,exon,0.6062706622587182
899,1752,exon,0.6060988844805807
900,1753,exon,0.6061366955159027
901,1754,exon,0.6058110516934047
902,1755,exon,0.6059984299172139
903,1756,exon,0.6058149087402221
904,1757,exon,0.6057919199141938
905,1758,exon,0.6061159124662265
906,1759,exon,0.6057278979796532
907,1760,exon,0.6055830464716007
908,1761,exon,0.605689160086145
909,1762,exon,0.6057775222765163
910,1763,exon,0.6055243849805784
911,1764,exon,0.6056776655685766
912,1765,exon,0.6056401477610596
913,1766,exon,0.6057364480923604
914,1767,exon,0.6054936521409351
915,1768,exon,0.6053226302182206
916,1769,exon,0.6051478840097021
917,1770,exon,0.6054329310282338
918,1771,exon,0.6051848626682631
919,1772,exon,0.605255988812408
920,1773,exon,0.6051488100649055
921,1774,exon,0.6051434187536401
922,1775,exon,0.6051888425310182
923,1776,exon,0.6053255517052708
924,1777,exon,0.6050901920689403
925,1778,exon,0.6045181218357611
926,1779,exon,0.604493724155597
927,1780,exon,0.6046123974208675
928,1781,exon,0.6048452171361502
929,1782,exon,0.6049534580571723
930,1783,exon,0.6050179211469534
931,1784,exon,0.6048065068178055
932,1785,exon,0.6048598061972661
933,1786,exon,0.6045297773843118
934,1787,exon,0.6043870824793663
935,1788,exon,0.6043880889447515
936,1789,exon,0.6043594108504182
937,1790,exon,0.6040416388827147
938,1791,exon,0.603926803492964
939,1792,exon,0.6035295427553444
940,1793,exon,0.6034585237193061
941,1794,exon,0.6036069536116018
942,1795,exon,0.6034242114078348
943,1796,exon,0.6031778555994337
944,1797,exon,0.6033151849642004
945,1798,exon,0.6031242418021313
946,1799,exon,0.6030975021951539
947,1800,exon,0.6030481533426835
948,1801,exon,0.6028976826026731
949,1802,exon,0.6022071498163831
950,1803,exon,0.6024003750586029
951,1804,exon,0.6019894894894895
952,1805,exon,0.6020850943927867
953,1806,exon,0.6019627380571901
954,1807,exon,0.6017950551311482
955,1808,exon,0.6015517598538634
956,1809,exon,0.6014513240976346
957,1810,exon,0.6011168125565952
958,1811,exon,0.6010234525473016
959,1812,exon,0.6004536004536004
960,1813,exon,0.6004615879381775
961,1814,exon,0.6000340831629175
962,1815,exon,0.5999279798343536
963,1816,exon,0.5996851050914334
964,1817,exon,0.5996696348895935
965,1818,exon,0.5994944983941772
966,1819,exon,0.5992163128661645
967,1820,exon,0.5995392406991356
968,1821,exon,0.599573081247975
969,1822,exon,0.5995879120879121
970,1823,exon,0.5996830004201199
971,1824,exon,0.599441810674415
972,1825,exon,0.5990661716866317
973,1826,exon,0.5990000383127083
974,1827,exon,0.5986959440023013
975,1828,exon,0.5988749376031948
976,1829,exon,0.5986622073578596
977,1830,exon,0.5986144520350236
978,1831,exon,0.5982930682387393
979,1832,exon,0.5985494386790633
980,1833,exon,0.5988567455872698
981,1834,exon,0.5984416387927535
982,1835,exon,0.5983043301523393
983,1836,exon,0.5986279867449567
984,1837,exon,0.5985953748253919
985,1838,exon,0.5987879729624738
986,1839,exon,0.5988176496898275
987,1840,exon,0.5982789502375204
988,1841,exon,0.5986824153120492
989,1842,exon,0.5988175840471406
990,1843,exon,0.5989647426506495
991,1844,exon,0.5983691507460059
992,1845,exon,0.5986101595380249
993,1846,exon,0.5986674505193024
994,1847,exon,0.5986817584400809
995,1848,exon,0.598648940557312
996,1849,exon,0.5988717222942957
997,1850,exon,0.5986659583259548
998,1851,exon,0.5987552194122745
999,1852,exon,0.5989984819509887
1000,1853,exon,0.5992263972213451
1001,1854,exon,0.5994785082174463
1002,1855,exon,0.599628296887975
1003,1856,exon,0.599168892846542
1004,1857,exon,0.5989424486077554
1005,1858,exon,0.5987354567617387
1006,1859,exon,0.5985877779320468
1007,1860,exon,0.598721689592886
1008,1861,exon,0.598363098194243
1009,1862,exon,0.5980914512922465
1010,1863,exon,0.5980819355737281
1011,1864,exon,0.5978016288655688
1012,1865,exon,0.5977799477869228
1013,1866,exon,0.5975748389541493
1014,1867,exon,0.5974492545356566
1015,1868,exon,0.5971955896452541
1016,1869,exon,0.596929596609763
1017,1870,exon,0.5969471452006562
1018,1871,exon,0.5969246786529452
1019,1872,exon,0.5966698058388603
1020,1873,exon,0.5967276227141483
1021,1874,exon,0.5965809907903449
1022,1875,exon,0.5965789315184002
1023,1876,exon,0.5964041783848936
1024,1877,exon,0.5960320810468552
1025,1878,exon,0.5958165728077233
1026,1879,exon,0.5954436595624786
1027,1880,exon,0.5952716581416891
1028,1881,exon,0.5951555698855393
1029,1882,exon,0.5949384956644485
1030,1883,exon,0.5948782112082013
1031,1884,exon,0.5949592051054204
1032,1885,exon,0.5944137917096142
1033,1886,exon,0.5939332659251769
1034,1887,exon,0.593342776203966
1035,1888,exon,0.5934684456682392
1036,1889,exon,0.5933878940118305
1037,1890,exon,0.5933154971826989
1038,1891,exon,0.5929666585543928
1039,1892,exon,0.5925768091237469
1040,1893,exon,0.5924624850244685
1041,1894,exon,0.592303628753708
1042,1895,exon,0.5922786045376921
1043,1896,exon,0.5924321025328044
1044,1897,exon,0.5923905298943468
1045,1898,exon,0.5920999022164276
1046,1899,exon,0.5921637379214743
1047,1900,exon,0.5920032639738882
1048,1901,exon,0.5920708802874408
1049,1902,exon,0.5919751573097981
1050,1903,exon,0.5917445259951342
1051,1904,exon,0.5916809886242737
1052,1905,exon,0.5910691617869867
1053,1906,exon,0.590784297656122
1054,1907,exon,0.590773962070733
1055,1908,exon,0.5907636124902548
1056,1909,exon,0.5906832553174016
1057,1910,exon,0.5903720901563559
1058,1911,exon,0.5899950653836664
1059,1912,exon,0.5902590588283709
1060,1913,exon,0.5900788666268558
1061,1914,exon,0.5897869183530479
1062,1915,exon,0.5897758439362383
1063,1916,exon,0.5895583986793231
1064,1917,exon,0.5891087064265653
1065,1918,exon,0.5891045115423564
1066,1919,exon,0.5887815673540301
1067,1920,exon,0.5886322238781255
1068,1921,exon,0.588387604606844
1069,1922,exon,0.5884913560797645
1070,1923,exon,0.58832558911384
1071,1924,exon,0.5881937813939973
1072,1925,exon,0.5880202708316026
1073,1926,exon,0.5876509341812665
1074,1927,exon,0.0
1075,1928,exon,0.0
1076,1929,exon,0.0
1077,1930,exon,0.0
1078,1931,exon,0.0
1079,1932,exon,0.0
1080,1933,exon,0.0
1081,1934,exon,0.0
1082,1935,exon,0.0
1083,1936,exon,0.0
1084,1937,exon,0.0
1085,1938,exon,0.0
1086,1939,exon,0.0
1087,1940,exon,0.0
1088,1941,exon,0.0
1089,1942,exon,0.0
1090,1943,exon,0.0
1091,1944,exon,0.0
1092,1945,exon,0.0
1093,1946,exon,0.0
1094,1947,exon,0.0
1095,1948,exon,0.0
1096,1949,exon,0.0
1097,1950,exon,0.0
1098,1951,exon,0.0
1099,1952,exon,0.0
1100,1953,exon,0.0
1101,1954,exon,0.0
1102,1955,exon,0.0
1103,1956,exon,0.0
1104,1957,exon,0.0
1105,1958,exon,0.0
1106,1959,exon,0.0
1107,1960,exon,0.0
1108,1961,exon,0.0
1109,1962,exon,0.0
1110,1963,exon,0.0
1111,1964,exon,0.0
1112,1965,exon,0.0
1113,1966,exon,0.0
1114,1967,exon,0.0
1115,1968,exon,0.0
1116,1969,exon,0.0
1117,1970,exon,0.0
1118,1971,exon,0.0
1119,1972,exon,0.0
1120,1973,exon,0.0
1121,1974,exon,0.0
1122,1975,exon,0.0
1123,1976,exon,0.0
1124,1977,exon,0.0
1125,1978,exon,0.0
1126,1979,exon,0.0
1127,1980,exon,0.0
1128,1981,exon,0.0
1129,1982,exon,0.0
1130,1983,exon,0.0
1131,1984,exon,0.0
1132,1985,exon,0.0
1133,1986,exon,0.0
1134,1987,exon,0.0
1135,1988,exon,0.0
1136,1989,exon,0.0
1137,1990,exon,0.0
1138,1991,exon,0.0
1139,1992,exon,0.0
1140,1993,exon,0.0
1141,1994,exon,0.0
1142,1995,exon,0.0
1143,1996,exon,0.0
1144,1997,exon,0.0
1145,1998,exon,0.0
1146,1999,exon,0.0
1147,853,intron,0.0
1148,854,intron,0.0
1149,855,intron,0.0
1150,856,intron,0.0
1151,857,intron,0.0
1152,858,intron,0.0
1153,859,intron,0.0
1154,860,intron,0.0
1155,861,intron,0.0
1156,862,intron,0.0
1157,863,intron,0.0
1158,864,intron,0.0
1159,865,intron,0.0
1160,866,intron,0.0
1161,867,intron,0.0
1162,868,intron,0.0
1163,869,intron,0.0
1164,870,intron,0.0
1165,871,intron,0.0
1166,872,intron,0.0
1167,873,intron,0.0
1168,874,intron,0.0
1169,875,intron,0.0
1170,876,intron,0.0
1171,877,intron,0.0
1172,878,intron,0.0
1173,879,intron,0.0
1174,880,intron,0.0
1175,881,intron,0.0
1176,882,intron,0.0
1177,883,intron,0.0
1178,884,intron,0.0
1179,885,intron,0.0
1180,886,intron,0.0
1181,887,intron,0.0
1182,888,intron,0.0
1183,889,intron,0.0
1184,890,intron,0.0
1185,891,intron,0.0
1186,892,intron,0.0
1187,893,intron,0.0
1188,894,intron,0.0
1189,895,intron,0.0
1190,896,intron,0.0
1191,897,intron,0.0
1192,898,intron,0.0
1193,899,intron,0.0
1194,900,intron,0.0
1195,901,intron,0.0
1196,902,intron,0.0
1197,903,intron,0.0
1198,904,intron,0.0
1199,905,intron,0.0
1200,906,intron,0.0
1201,907,intron,0.0
1202,908,intron,0.0
1203,909,intron,0.0
1204,910,intron,0.0
1205,911,intron,0.0
1206,912,intron,0.0
1207,913,intron,0.0
1208,914,intron,0.0
1209,915,intron,0.0
1210,916,intron,0.0
1211,917,intron,0.0
1212,918,intron,0.0
1213,919,intron,0.0
1214,920,intron,0.0
1215,921,intron,0.0
1216,922,intron,0.0
1217,923,intron,0.0
1218,924,intron,0.0
1219,925,intron,0.0
1220,926,intron,0.0
1221,927,intron,0.0
1222,928,intron,0.0
1223,929,intron,0.0
1224,930,intron,0.0
1225,931,intron,1.0
1226,932,intron,0.5
1227,933,intron,0.6666666666666666
1228,934,intron,0.5
1229,935,intron,0.6666666666666666
1230,936,intron,0.5555555555555556
1231,937,intron,0.4166666666666667
1232,938,intron,0.4
1233,939,intron,0.45
1234,940,intron,0.4
1235,941,intron,0.4666666666666667
1236,942,intron,0.5
1237,943,intron,0.4883720930232558
1238,944,intron,0.47058823529411764
1239,945,intron,0.5166666666666667
1240,946,intron,0.5352112676056338
1241,947,intron,0.5542168674698795
1242,948,intron,0.5670103092783505
1243,949,intron,0.5315315315315315
1244,950,intron,0.5546875
1245,951,intron,0.5743243243243243
1246,952,intron,0.5433526011560693
1247,953,intron,0.5317073170731708
1248,954,intron,0.5269709543568465
1249,955,intron,0.5302491103202847
1250,956,intron,0.5201238390092879
1251,957,intron,0.5241935483870968
1252,958,intron,0.5245901639344263
1253,959,intron,0.5288065843621399
1254,960,intron,0.5381818181818182
1255,961,intron,0.5451612903225806
1256,962,intron,0.5496402877697841
1257,963,intron,0.558258642765685
1258,964,intron,0.5551724137931034
1259,965,intron,0.5518672199170125
1260,966,intron,0.549812030075188
1261,967,intron,0.5563139931740614
1262,968,intron,0.5561580170410535
1263,969,intron,0.5564174894217208
1264,970,intron,0.5588424437299035
1265,971,intron,0.5593419506462984
1266,972,intron,0.5629032258064516
1267,973,intron,0.5675542406311637
1268,974,intron,0.5698096101541251
1269,975,intron,0.5708924103419516
1270,976,intron,0.576036866359447
1271,977,intron,0.5778092874867068
1272,978,intron,0.5800851621356043
1273,979,intron,0.5816419266888821
1274,980,intron,0.5797589010372862
1275,981,intron,0.5789336801040312
1276,982,intron,0.5814009661835748
1277,983,intron,0.5787817487075747
1278,984,intron,0.5818829943384357
1279,985,intron,0.5836598746081505
1280,986,intron,0.5876420975430876
1281,987,intron,0.5899725274725275
1282,988,intron,0.5916559278350515
1283,989,intron,0.5909986361569934
1284,990,intron,0.5918571428571429
1285,991,intron,0.5912034538586076
1286,992,intron,0.5923184892178129
1287,993,intron,0.5928925420041098
1288,994,intron,0.5941480206540447
1289,995,intron,0.5950278050376185
1290,996,intron,0.5976546284765463
1291,997,intron,0.5994857594936709
1292,998,intron,0.6003770028275212
1293,999,intron,0.6000719295090811
1294,1000,intron,0.600154546235082
1295,1001,intron,0.5993271518831542
1296,1002,intron,0.6009732360097324
1297,1003,intron,0.6020576749774708
1298,1004,intron,0.6021868930292784
1299,1005,intron,0.604014346806456
1300,1006,intron,0.6044741544774638
1301,1007,intron,0.6040925266903915
1302,1008,intron,0.6046525827329344
1303,1009,intron,0.6070443205165835
1304,1010,intron,0.6082660493478629
1305,1011,intron,0.6083057020166331
1306,1012,intron,0.6089938226363731
1307,1013,intron,0.6098804057122672
1308,1014,intron,0.6098320759308834
1309,1015,intron,0.6082706766917293
1310,1016,intron,0.6090785292782569
1311,1017,intron,0.6097293503531166
1312,1018,intron,0.6099143414468663
1313,1019,intron,0.6097851049868767
1314,1020,intron,0.6095102008414702
1315,1021,intron,0.6097767188040429
1316,1022,intron,0.6095418853038592
1317,1023,intron,0.609631258335436
1318,1024,intron,0.6096598449395824
1319,1025,intron,0.609126916957243
1320,1026,intron,0.6087056429110724
1321,1027,intron,0.6084450530204121
1322,1028,intron,0.6089698018730875
1323,1029,intron,0.60991864549248
1324,1030,intron,0.6100691304728291
1325,1031,intron,0.611273356205166
1326,1032,intron,0.611804923772503
1327,1033,intron,0.6121332403583114
1328,1034,intron,0.6127626256035495
1329,1035,intron,0.6128556910569106
1330,1036,intron,0.6131506036018207
1331,1037,intron,0.6128286065396015
1332,1038,intron,0.6126896163058282
1333,1039,intron,0.6126499404816409
1334,1040,intron,0.6131883831506574
1335,1041,intron,0.6127079522689661
1336,1042,intron,0.6127010431937451
1337,1043,intron,0.6128771384136859
1338,1044,intron,0.6125564351223858
1339,1045,intron,0.6121657965511786
1340,1046,intron,0.6126676198941144
1341,1047,intron,0.6126010425322959
1342,1048,intron,0.6128704644077186
1343,1049,intron,0.6130605168583967
1344,1050,intron,0.6132388792707487
1345,1051,intron,0.6136933261887888
1346,1052,intron,0.6142407632967926
1347,1053,intron,0.6145476225965122
1348,1054,intron,0.6144490391632206
1349,1055,intron,0.6149423461770592
1350,1056,intron,0.6151320907365342
1351,1057,intron,0.6148205737979816
1352,1058,intron,0.6148916145031895
1353,1059,intron,0.6149611256716986
1354,1060,intron,0.6149473956165405
1355,1061,intron,0.6152016662444764
1356,1062,intron,0.6152020313534997
1357,1063,intron,0.6146536904939157
1358,1064,intron,0.6148514062624492
1359,1065,intron,0.6149986968986187
1360,1066,intron,0.6153718247166867
1361,1067,intron,0.6152687091913611
1362,1068,intron,0.6155391993687662
1363,1069,intron,0.6155895101339081
1364,1070,intron,0.6156736829587347
1365,1071,intron,0.6159732688420783
1366,1072,intron,0.6164160257146137
1367,1073,intron,0.6164025043713689
1368,1074,intron,0.6165478552977306
1369,1075,intron,0.6165371748629711
1370,1076,intron,0.6166832706666239
1371,1077,intron,0.6163487566223945
1372,1078,intron,0.6160084516670292
1373,1079,intron,0.6157834688181244
1374,1080,intron,0.6158224359937873
1375,1081,intron,0.6157820017351526
1376,1082,intron,0.6160107100241557
1377,1083,intron,0.616359886962499
1378,1084,intron,0.6163091177327357
1379,1085,intron,0.6167607066876329
1380,1086,intron,0.6164535752012531
1381,1087,intron,0.6165798463235096
1382,1088,intron,0.6164583112617862
1383,1089,intron,0.6168246239457439
1384,1090,intron,0.617075760949624
1385,1091,intron,0.6175691409479777
1386,1092,intron,0.6173348517468683
1387,1093,intron,0.6173555479104209
1388,1094,intron,0.6174165058811183
1389,1095,intron,0.6176119545497947
1390,1096,intron,0.617847534335757
1391,1097,intron,0.6178765592495495
1392,1098,intron,0.6179422261537992
1393,1099,intron,0.6181257521058965
1394,1100,intron,0.618420564561
1395,1101,intron,0.6186234758552044
1396,1102,intron,0.618768053148469
1397,1103,intron,0.618978736746095
1398,1104,intron,0.6192797012469143
1399,1105,intron,0.6194621461396421
1400,1106,intron,0.619524697110904
1401,1107,intron,0.6196194909405827
1402,1108,intron,0.6197612191585882
1403,1109,intron,0.619872391245538
1404,1110,intron,0.6200441892446767
1405,1111,intron,0.6200897542382158
1406,1112,intron,0.6202123396161602
1407,1113,intron,0.6202834784248406
1408,1114,intron,0.620249704950618
1409,1115,intron,0.6204309656823623
1410,1116,intron,0.6205178618023823
1411,1117,intron,0.6207233743873395
1412,1118,intron,0.6205313450895955
1413,1119,intron,0.6205782123396543
1414,1120,intron,0.6206566506177853
1415,1121,intron,0.6207656293032222
1416,1122,intron,0.6209409641221244
1417,1123,intron,0.6210570059920593
1418,1124,intron,0.621230981250764
1419,1125,intron,0.6215311004784689
1420,1126,intron,0.6215955796292768
1421,1127,intron,0.6216820717346196
1422,1128,intron,0.6218916092125766
1423,1129,intron,0.6219853733803978
1424,1130,intron,0.6223454916531478
1425,1131,intron,0.6225004923861551
1426,1132,intron,0.6224895268605224
1427,1133,intron,0.6223902838455709
1428,1134,intron,0.6225428195657322
1429,1135,intron,0.6225819659852396
1430,1136,intron,0.6226074305734249
1431,1137,intron,0.6228341629680488
1432,1138,intron,0.6229779125836056
1433,1139,intron,0.6229444216916813
1434,1140,intron,0.6230070404371376
1435,1141,intron,0.6230751018088834
1436,1142,intron,0.6232510751779443
1437,1143,intron,0.6233618100980004
1438,1144,intron,0.6234591270464178
1439,1145,intron,0.6236623639469021
1440,1146,intron,0.6237339558712655
1441,1147,intron,0.623939518181941
1442,1148,intron,0.6241831526063131
1443,1149,intron,0.6241236025312975
1444,1150,intron,0.6242568789576284
1445,1151,intron,0.6245087422053763
1446,1152,intron,0.6245368464388638
1447,1153,intron,0.6246091381038198
1448,1154,intron,0.6247748016974188
1449,1155,intron,0.6249014705259143
1450,1156,intron,0.6247533624740741
1451,1157,intron,0.6247331993935116
1452,1158,intron,0.624970969775389
1453,1159,intron,0.6248270409171773
1454,1160,intron,0.6248722038195722
1455,1161,intron,0.6249385714459774
1456,1162,intron,0.6252813475640746
1457,1163,intron,0.6253300267226494
1458,1164,intron,0.6251875435280072
1459,1165,intron,0.6252362238967653
1460,1166,intron,0.6253530199655131
1461,1167,intron,0.625360995332428
1462,1168,intron,0.6254348171731939
1463,1169,intron,0.6255101529591762
1464,1170,intron,0.6255922536856661
1465,1171,intron,0.6255391889988312
1466,1172,intron,0.6257261253760714
1467,1173,intron,0.6258266934519107
1468,1174,intron,0.6260102398396332
1469,1175,intron,0.6258379716902209
1470,1176,intron,0.6257097651860176
1471,1177,intron,0.6256519581717604
1472,1178,intron,0.62555280220463
1473,1179,intron,0.6253839024478892
1474,1180,intron,0.6252760638624723
1475,1181,intron,0.625258836386644
1476,1182,intron,0.62521319693497
1477,1183,intron,0.6252347417840376
1478,1184,intron,0.6252317402810603
1479,1185,intron,0.6252564892212934
1480,1186,intron,0.6254039726751657
1481,1187,intron,0.6253291902963758
1482,1188,intron,0.6253682510415006
1483,1189,intron,0.6253991792254371
1484,1190,intron,0.625376627476819
1485,1191,intron,0.6253406459808897
1486,1192,intron,0.6254859846116201
1487,1193,intron,0.6254667460360409
1488,1194,intron,0.6255070200182443
1489,1195,intron,0.6252877028996432
1490,1196,intron,0.6251975750785298
1491,1197,intron,0.6251219819831781
1492,1198,intron,0.6249508509801719
1493,1199,intron,0.6247973028533838
1494,1200,intron,0.6247077545727814
1495,1201,intron,0.6246438514249203
1496,1202,intron,0.6245792830366271
1497,1203,intron,0.624558489444141
1498,1204,intron,0.6246907065565384
1499,1205,intron,0.6246900210817704
1500,1206,intron,0.6245796509587468
1501,1207,intron,0.6245651048037848
1502,1208,intron,0.6245316929931146
1503,1209,intron,0.6245335938484811
1504,1210,intron,0.6245390030853445
1505,1211,intron,0.6245603723977954
1506,1212,intron,0.6245597755517013
1507,1213,intron,0.624450613358974
1508,1214,intron,0.6244492643469342
1509,1215,intron,0.6242201518607092
1510,1216,intron,0.6241859324216594
1511,1217,intron,0.6240179127821018
1512,1218,intron,0.6238100455286928
1513,1219,intron,0.6237325344459538
1514,1220,intron,0.6235471483774288
1515,1221,intron,0.6235169446877945
1516,1222,intron,0.6235049183573677
1517,1223,intron,0.6233576773260072
1518,1224,intron,0.6233734121404227
1519,1225,intron,0.6233567280629876
1520,1226,intron,0.623335700337298
1521,1227,intron,0.6232694332144973
1522,1228,intron,0.6230875031593301
1523,1229,intron,0.6229979261619937
1524,1230,intron,0.6227508546971117
1525,1231,intron,0.6225740833971126
1526,1232,intron,0.6223476003306888
1527,1233,intron,0.6223614050915484
1528,1234,intron,0.622272315843485
1529,1235,intron,0.6223274018897855
1530,1236,intron,0.6220447851846759
1531,1237,intron,0.6219055535085389
1532,1238,intron,0.6215969152959402
1533,1239,intron,0.621493005176198
1534,1240,intron,0.6214246685484076
1535,1241,intron,0.6213040802615162
1536,1242,intron,0.621061224489796
1537,1243,intron,0.6208842105263158
1538,1244,intron,0.6206158152554234
1539,1245,intron,0.620341216140774
1540,1246,intron,0.6202016490460364
1541,1247,intron,0.6198774075698604
1542,1248,intron,0.6196901950469967
1543,1249,intron,0.6194348416739378
1544,1250,intron,0.6193717883048859
1545,1251,intron,0.6191751399394648
1546,1252,intron,0.618917430740277
1547,1253,intron,0.618803007781761
1548,1254,intron,0.6186128651591998
1549,1255,intron,0.6183576717735709
1550,1256,intron,0.618381629216682
1551,1257,intron,0.6180555367734363
1552,1258,intron,0.6179093847291093
1553,1259,intron,0.6176730993317958
1554,1260,intron,0.6175301264653851
1555,1261,intron,0.6173186975628175
1556,1262,intron,0.6169698362109729
1557,1263,intron,0.6168016566590176
1558,1264,intron,0.6165119661369359
1559,1265,intron,0.6164919903550028
1560,1266,intron,0.6163640357493523
1561,1267,intron,0.6160831220954796
1562,1268,intron,0.6158389601220287
1563,1269,intron,0.6156254271325083
1564,1270,intron,0.6153357950611585
1565,1271,intron,0.6151235480519889
1566,1272,intron,0.6148517927683539
1567,1273,intron,0.6146229253666021
1568,1274,intron,0.6143880553562702
1569,1275,intron,0.6141296453841845
1570,1276,intron,0.61397565040945
1571,1277,intron,0.6137199499984504
1572,1278,intron,0.613498181668226
1573,1279,intron,0.6133691022449022
1574,1280,intron,0.6131749776044888
1575,1281,intron,0.6129187607908233
1576,1282,intron,0.6126478272651509
1577,1283,intron,0.6124158376939974
1578,1284,intron,0.6120914433546205
1579,1285,intron,0.6119144675314114
1580,1286,intron,0.6117028157474883
1581,1287,intron,0.6115403700290636
1582,1288,intron,0.6113275821115778
1583,1289,intron,0.6111382942232804
1584,1290,intron,0.6109705533611763
1585,1291,intron,0.6106888259579312
1586,1292,intron,0.6103727373281599
1587,1293,intron,0.6100900549041993
1588,1294,intron,0.6097400666265141
1589,1295,intron,0.6094215028601793
1590,1296,intron,0.6092253440452651
1591,1297,intron,0.6089940881359978
1592,1298,intron,0.6086650071600348
1593,1299,intron,0.6083361825902966
1594,1300,intron,0.6081154616735511
1595,1301,intron,0.6077834847886211
1596,1302,intron,0.6074398400500953
1597,1303,intron,0.6072101918353081
1598,1304,intron,0.606955748211056
1599,1305,intron,0.6066837100209035
1600,1306,intron,0.6064895107635929
1601,1307,intron,0.6062040189402833
1602,1308,intron,0.605997557997558
1603,1309,intron,0.6057235371137515
1604,1310,intron,0.6052946790277345
1605,1311,intron,0.6051272203085764
1606,1312,intron,0.6049253264011767
1607,1313,intron,0.604648457381062
1608,1314,intron,0.604452274415757
1609,1315,intron,0.6040875305670735
1610,1316,intron,0.6037837368322001
1611,1317,intron,0.6035165661199237
1612,1318,intron,0.6034407267338356
1613,1319,intron,0.6030668405968399
1614,1320,intron,0.6028764034161789
1615,1321,intron,0.6025868925665769
1616,1322,intron,0.6024106474248706
1617,1323,intron,0.602257333107154
1618,1324,intron,0.6020944532064604
1619,1325,intron,0.6017099393800754
1620,1326,intron,0.6015292026300572
1621,1327,intron,0.601354161467951
1622,1328,intron,0.6010685135035708
1623,1329,intron,0.6008021219253771
1624,1330,intron,0.600567195907478
1625,1331,intron,0.6004000302623367
1626,1332,intron,0.60012703599983
1627,1333,intron,0.5996259707427052
1628,1334,intron,0.5994229251804831
1629,1335,intron,0.5991888547513633
1630,1336,intron,0.5988519763816345
1631,1337,intron,0.5986191974730657
1632,1338,intron,0.5983452866451038
1633,1339,intron,0.5980673523945073
1634,1340,intron,0.5977236699976152
1635,1341,intron,0.5974279515855205
1636,1342,intron,0.5973895113963968
1637,1343,intron,0.5971983105062191
1638,1344,intron,0.5970373610826709
1639,1345,intron,0.5968419315627883
1640,1346,intron,0.5966227760650745
1641,1347,intron,0.5964184932443869
1642,1348,intron,0.5960590220278805
1643,1349,intron,0.5956999396214891
1644,1350,intron,0.5954359339328792
1645,1351,intron,0.5950044314782673
1646,1352,intron,0.5947481268011527
1647,1353,intron,0.5946356112142301
1648,1354,intron,0.5942900783728264
1649,1355,intron,0.5940283279869849
1650,1356,intron,0.5936941217517451
1651,1357,intron,0.5935560350263339
1652,1358,intron,0.5932964271890023
1653,1359,intron,0.5930345891084805
1654,1360,intron,0.5927641728279377
1655,1361,intron,0.5924014913003673
1656,1362,intron,0.5922794645891253
1657,1363,intron,0.592085627775259
1658,1364,intron,0.592037015542249
1659,1365,intron,0.5918178965891987
1660,1366,intron,0.591507454144068
1661,1367,intron,0.5913073861805773
1662,1368,intron,0.5910070695005111
1663,1369,intron,0.5906950098950715
1664,1370,intron,0.5904780647583888
1665,1371,intron,0.5902796295710419
1666,1372,intron,0.5900258497104607
1667,1373,intron,0.5897057098779355
1668,1374,intron,0.5894641255706425
1669,1375,intron,0.5893733074303106
1670,1376,intron,0.5891314566133128
1671,1377,intron,0.5889445113511764
1672,1378,intron,0.5887820886945435
1673,1379,intron,0.5886104763164918
1674,1380,intron,0.5883624794147632
1675,1381,intron,0.5881023000727517
1676,1382,intron,0.5878370671551163
1677,1383,intron,0.5877200430812959
1678,1384,intron,0.5873669687288606
1679,1385,intron,0.5871946608730954
1680,1386,intron,0.5870213458255517
1681,1387,intron,0.5867592668877019
1682,1388,intron,0.5864637399357937
1683,1389,intron,0.5862717421505974
1684,1390,intron,0.5860125260960334
1685,1391,intron,0.5859355583170602
1686,1392,intron,0.5857791238833471
1687,1393,intron,0.585513635658743
1688,1394,intron,0.5852875161034695
1689,1395,intron,0.585155581309453
1690,1396,intron,0.5850411692691184
1691,1397,intron,0.5847492244339195
1692,1398,intron,0.5843945250450069
1693,1399,intron,0.5842773908960446
1694,1400,intron,0.5840385742165989
1695,1401,intron,0.5838357159364785
1696,1402,intron,0.5835959647498422
1697,1403,intron,0.5831102789608084
1698,1404,intron,0.5829576521481351
1699,1405,intron,0.5826560525207134
1700,1406,intron,0.5824287139458654
1701,1407,intron,0.5821332404370507
1702,1408,intron,0.5819188506949994
1703,1409,intron,0.5817572844632392
1704,1410,intron,0.5815531518612115
1705,1411,intron,0.5812380673601615
1706,1412,intron,0.581096449581437
1707,1413,intron,0.5808228978761182
1708,1414,intron,0.5806672391921288
1709,1415,intron,0.5803905339620792
1710,1416,intron,0.5800434443820494
1711,1417,intron,0.5797600455895979
1712,1418,intron,0.5795146783287616
1713,1419,intron,0.5791130235700183
1714,1420,intron,0.5789104659694274
1715,1421,intron,0.5786715258796477
1716,1422,intron,0.5785490531883759
1717,1423,intron,0.5782649387113127
1718,1424,intron,0.5779292337736286
1719,1425,intron,0.577581320074602
1720,1426,intron,0.5773580173237677
1721,1427,intron,0.5771010114760723
1722,1428,intron,0.5767870330780892
1723,1429,intron,0.576568994315754
1724,1430,intron,0.5763950293520128
1725,1431,intron,0.5761926827954093
1726,1432,intron,0.5759758414357287
1727,1433,intron,0.5758063023211261
1728,1434,intron,0.5754704195537925
1729,1435,intron,0.5751531269281953
1730,1436,intron,0.5748660344034825
1731,1437,intron,0.5744308043143562
1732,1438,intron,0.5742180961332939
1733,1439,intron,0.5739774416255413
1734,1440,intron,0.5737554524312216
1735,1441,intron,0.5734905690691173
1736,1442,intron,0.5732315122866061
1737,1443,intron,0.5729834628872442
1738,1444,intron,0.5727033233972124
1739,1445,intron,0.5723746775713617
1740,1446,intron,0.5721251393593528
1741,1447,intron,0.5718701040345957
1742,1448,intron,0.571616599896752
1743,1449,intron,0.5713993326866292
1744,1450,intron,0.5711016504941254
1745,1451,intron,0.5708803611738149
1746,1452,intron,0.5704598711500929
1747,1453,intron,0.5702534890102293
1748,1454,intron,0.5699677712866825
1749,1455,intron,0.5697014766811856
1750,1456,intron,0.5693614491091716
1751,1457,intron,0.5691254998174764
1752,1458,intron,0.5689661755410089
1753,1459,intron,0.5686952502904438
1754,1460,intron,0.5684194690528002
1755,1461,intron,0.5681605926289864
1756,1462,intron,0.5679712651098406
1757,1463,intron,0.5677781985187567
1758,1464,intron,0.567464252414006
1759,1465,intron,0.567224608908621
1760,1466,intron,0.5669903650794321
1761,1467,intron,0.5667024101522757
1762,1468,intron,0.5665135727561756
1763,1469,intron,0.5662059440596303
1764,1470,intron,0.5657839277736098
1765,1471,intron,0.5655669508108324
1766,1472,intron,0.5654388978711937
1767,1473,intron,0.5651910440035601
1768,1474,intron,0.5649566142729158
1769,1475,intron,0.5646998484475863
1770,1476,intron,0.5645154174378711
1771,1477,intron,0.5642552065615904
1772,1478,intron,0.5639518288741322
1773,1479,intron,0.5636886157202492
1774,1480,intron,0.5634948590214529
1775,1481,intron,0.5631543432887116
1776,1482,intron,0.562896124732426
1777,1483,intron,0.5627688771376713
1778,1484,intron,0.5625379249159898
1779,1485,intron,0.5624854909850654
1780,1486,intron,0.5622751549484202
1781,1487,intron,0.5620148803118974
1782,1488,intron,0.5618271766845773
1783,1489,intron,0.5614768555142048
1784,1490,intron,0.5612905244711478
1785,1491,intron,0.5610279935359432
1786,1492,intron,0.5608109093864825
1787,1493,intron,0.560565123105094
1788,1494,intron,0.5603165745649286
1789,1495,intron,0.56012378978214
1790,1496,intron,0.5600044933161922
1791,1497,intron,0.5597090648989878
1792,1498,intron,0.5595730220783999
1793,1499,intron,0.5593329843279985
1794,1500,intron,0.5589847627195369
1795,1501,intron,0.5588155933863851
1796,1502,intron,0.5585882391993494
1797,1503,intron,0.5584037194564319
1798,1504,intron,0.558120590015505
1799,1505,intron,0.5577092419737483
1800,1506,intron,0.5573919202713954
1801,1507,intron,0.5571047652171033
1802,1508,intron,0.5568776280501937
1803,1509,intron,0.5566302342321472
1804,1510,intron,0.5562495735614289
1805,1511,intron,0.5559491504756551
1806,1512,intron,0.5558016208634
1807,1513,intron,0.5555869890226073
1808,1514,intron,0.5553528156309729
1809,1515,intron,0.5551069167856465
1810,1516,intron,0.5547933904750906
1811,1517,intron,0.5545412752307385
1812,1518,intron,0.5543289659691798
1813,1519,intron,0.5540882096663556
1814,1520,intron,0.5538158374292439
1815,1521,intron,0.5535343056739077
1816,1522,intron,0.5531750293707963
1817,1523,intron,0.552916108783599
1818,1524,intron,0.5526722108574307
1819,1525,intron,0.5525557001021417
1820,1526,intron,0.5523495889195219
1821,1527,intron,0.5521803862779928
1822,1528,intron,0.5519314696741402
1823,1529,intron,0.5516702200352532
1824,1530,intron,0.5512605662548536
1825,1531,intron,0.5511606306219488
1826,1532,intron,0.5508177905308465
1827,1533,intron,0.5504865905878015
1828,1534,intron,0.5503192827095817
1829,1535,intron,0.5501524112503864
1830,1536,intron,0.5499065856598244
1831,1537,intron,0.5497407365740409
1832,1538,intron,0.5495434340790781
1833,1539,intron,0.5493388379079891
1834,1540,intron,0.5491216350112056
1835,1541,intron,0.5489179823029813
1836,1542,intron,0.5485824050428779
1837,1543,intron,0.5483465492403065
1838,1544,intron,0.5479636190814205
1839,1545,intron,0.5477511423206083
1840,1546,intron,0.547580516955336
1841,1547,intron,0.5471888777514282
1842,1548,intron,0.5470237949770685
1843,1549,intron,0.5468520022719083
1844,1550,intron,0.5468076230400586
1845,1551,intron,0.5466515863797343
1846,1552,intron,0.5464544545033064
1847,1553,intron,0.5462232873732846
1848,1554,intron,0.5461358237676354
1849,1555,intron,0.5459420590135163
1850,1556,intron,0.5457244330007859
1851,1557,intron,0.5454480865886633
1852,1558,intron,0.5451951720387341
1853,1559,intron,0.5447998717946118
1854,1560,intron,0.5445884478657368
1855,1561,intron,0.5444298708854755
1856,1562,intron,0.5443273981541904
1857,1563,intron,0.5442533544299951
1858,1564,intron,0.5441296497698279
1859,1565,intron,0.5438254795768588
1860,1566,intron,0.5438179279078711
1861,1567,intron,0.5435148111205305
1862,1568,intron,0.5432611892149903
1863,1569,intron,0.5429665543860217
1864,1570,intron,0.5426895573189316
1865,1571,intron,0.5424772288270522
1866,1572,intron,0.5423619947888263
1867,1573,intron,0.5420584713609866
1868,1574,intron,0.5418632206390249
1869,1575,intron,0.5416770923296715
1870,1576,intron,0.5414316606553541
1871,1577,intron,0.541151014432549
1872,1578,intron,0.5409722712199252
1873,1579,intron,0.5406082419586592
1874,1580,intron,0.5405075990781182
1875,1581,intron,0.5403283139020858
1876,1582,intron,0.5402093819206765
1877,1583,intron,0.5400642025499884
1878,1584,intron,0.5398508735926346
1879,1585,intron,0.5396427924938152
1880,1586,intron,0.5394360901499752
1881,1587,intron,0.5392845585323741
1882,1588,intron,0.5391020591875774
1883,1589,intron,0.5389406910737314
1884,1590,intron,0.5386478231796578
1885,1591,intron,0.5383492787428888
1886,1592,intron,0.5381974197251158
1887,1593,intron,0.53800105522265
1888,1594,intron,0.5377019064541877
1889,1595,intron,0.5375579418416283
1890,1596,intron,0.537296590925034
1891,1597,intron,0.5372086453171866
1892,1598,intron,0.5369586597415708
1893,1599,intron,0.5367470229334743
1894,1600,intron,0.5365445977812209
1895,1601,intron,0.5364191230913931
1896,1602,intron,0.5362144881959073
1897,1603,intron,0.5361202662272211
1898,1604,intron,0.5358982920046303
1899,1605,intron,0.5356057138631335
1900,1606,intron,0.5353772501034013
1901,1607,intron,0.5351108305751365
1902,1608,intron,0.5349252372280264
1903,1609,intron,0.5347062381595942
1904,1610,intron,0.5345421816345794
1905,1611,intron,0.5343843457407862
1906,1612,intron,0.5339356768885565
1907,1613,intron,0.5338432518872702
1908,1614,intron,0.5335575219122076
1909,1615,intron,0.5332588026870888
1910,1616,intron,0.53312162692523
1911,1617,intron,0.5330183888038016
1912,1618,intron,0.5326473481122797
1913,1619,intron,0.5324654903014561
1914,1620,intron,0.5322005500081586
1915,1621,intron,0.5319835044491437
1916,1622,intron,0.5317675135484512
1917,1623,intron,0.5314583262917846
1918,1624,intron,0.5311779484488544
1919,1625,intron,0.5310658236198819
1920,1626,intron,0.530870083432658
1921,1627,intron,0.530769902928046
1922,1628,intron,0.5305964430220416
1923,1629,intron,0.5304232016608909
1924,1630,intron,0.5302362867188927
1925,1631,intron,0.5299900813330688
1926,1632,intron,0.5296379664243854
1927,1633,intron,0.5294289090505345
1928,1634,intron,0.529273480131853
1929,1635,intron,0.5290638109826784
1930,1636,intron,0.528941649149987
1931,1637,intron,0.5287106121616295
1932,1638,intron,0.5284320539552604
1933,1639,intron,0.5282200111652657
1934,1640,intron,0.5280101650031765
1935,1641,intron,0.5277716768667304
1936,1642,intron,0.5276845836729204
1937,1643,intron,0.5275036488266401
1938,1644,intron,0.5272593184280664
1939,1645,intron,0.5271070822156905
1940,1646,intron,0.5268729657786412
1941,1647,intron,0.5267603129445235
1942,1648,intron,0.5265232840402061
1943,1649,intron,0.526378354682585
1944,1650,intron,0.5260836691060778
1945,1651,intron,0.5258681771979513
1946,1652,intron,0.5257683746921765
1947,1653,intron,0.5255640625524015
1948,1654,intron,0.525440710659498
1949,1655,intron,0.5253804153857985
1950,1656,intron,0.5251988605561195
1951,1657,intron,0.5250241431640356
1952,1658,intron,0.5247283818771502
1953,1659,intron,0.5244809795937664
1954,1660,intron,0.5242899710690659
1955,1661,intron,0.5240814285236108
1956,1662,intron,0.5238415823653196
1957,1663,intron,0.5237984653261724
1958,1664,intron,0.5235969337562273
1959,1665,intron,0.5233146658641031
1960,1666,intron,0.5232321921269939
1961,1667,intron,0.523127194655363
1962,1668,intron,0.522940720909845
1963,1669,intron,0.5228889050466621
1964,1670,intron,0.5226644033697976
1965,1671,intron,0.5225549584374362
1966,1672,intron,0.5221500654909069
1967,1673,intron,0.5218103214710629
1968,1674,intron,0.5215160455151269
1969,1675,intron,0.5215268469875759
1970,1676,intron,0.5214278567042125
1971,1677,intron,0.5213602954878472
1972,1678,intron,0.5211447420545425
1973,1679,intron,0.5211322560026351
1974,1680,intron,0.5210502276839358
1975,1681,intron,0.5208183487605023
1976,1682,intron,0.5205809335143852
1977,1683,intron,0.5204052846866332
1978,1684,intron,0.5202286891699734
1979,1685,intron,0.5200415144958045
1980,1686,intron,0.5198417282244154
1981,1687,intron,0.5197536736567443
1982,1688,intron,0.5197057349971035
1983,1689,intron,0.5195354079268675
1984,1690,intron,0.5193016090380007
1985,1691,intron,0.5193457154257192
1986,1692,intron,0.5191229154281781
1987,1693,intron,0.5189461850530329
1988,1694,intron,0.5188388799296291
1989,1695,intron,0.5186113868932684
1990,1696,intron,0.5183958512856286
1991,1697,intron,0.5181471149037259
1992,1698,intron,0.5179218435347176
1993,1699,intron,0.5176849439729414
1994,1700,intron,0.5175359299617125
1995,1701,intron,0.5173342026461988
1996,1702,intron,0.5171734085883631
1997,1703,intron,0.5171074172141495
1998,1704,intron,0.5169790929007162
1999,1705,intron,0.5170409552453062
2000,1706,intron,0.5169059045375569
2001,1707,intron,0.5167805908982792
2002,1708,intron,0.5165032874026109
2003,1709,intron,0.5164120523299209
2004,1710,intron,0.5161834619281428
2005,1711,intron,0.5159248076361157
2006,1712,intron,0.5159028631191074
2007,1713,intron,0.5157611478796588
2008,1714,intron,0.5156517066979182
2009,1715,intron,0.5155638426040363
2010,1716,intron,0.5154458824925908
2011,1717,intron,0.515366881000788
2012,1718,intron,0.5152422300806461
2013,1719,intron,0.5150466159213695
2014,1720,intron,0.5150154675356745
2015,1721,intron,0.5149795587489138
2016,1722,intron,0.514912623397221
2017,1723,intron,0.5148360542644547
2018,1724,intron,0.5147459698494025
2019,1725,intron,0.5145995256198315
2020,1726,intron,0.5144541340532561
2021,1727,intron,0.5141543325190401
2022,1728,intron,0.5140206693964404
2023,1729,intron,0.5138404677418102
2024,1730,intron,0.5134925317517002
2025,1731,intron,0.5133931516790922
2026,1732,intron,0.5131968507603419
2027,1733,intron,0.5130539869993579
2028,1734,intron,0.5129364851550439
2029,1735,intron,0.5128316507588069
2030,1736,intron,0.5126911033339473
2031,1737,intron,0.5126504120519626
2032,1738,intron,0.5125458658246544
2033,1739,intron,0.512338536972974
2034,1740,intron,0.5121699785879685
2035,1741,intron,0.512104109875675
2036,1742,intron,0.5119539276914256
2037,1743,intron,0.5118406399194291
2038,1744,intron,0.5116296182975502
2039,1745,intron,0.5115280359355638
2040,1746,intron,0.5113984381352094
2041,1747,intron,0.5113569278711688
2042,1748,intron,0.5110988113531068
2043,1749,intron,0.5109801758917946
2044,1750,intron,0.510777350634878
2045,1751,intron,0.5106644743205339
2046,1752,intron,0.5106193269623174
2047,1753,intron,0.5104282495818064
2048,1754,intron,0.5102962218183225
2049,1755,intron,0.5100646877549521
2050,1756,intron,0.5099742910714631
2051,1757,intron,0.5097196398959425
2052,1758,intron,0.5096100332379996
2053,1759,intron,0.5096124863782856
2054,1760,intron,0.5093831138724035
2055,1761,intron,0.5093855996044102
2056,1762,intron,0.5092771240239562
2057,1763,intron,0.509197679627999
2058,1764,intron,0.5090429896797737
2059,1765,intron,0.509066934887573
2060,1766,intron,0.5089006508999097
2061,1767,intron,0.5089679131483715
2062,1768,intron,0.5088769157735075
2063,1769,intron,0.5087878396134855
2064,1770,intron,0.5087103980738734
2065,1771,intron,0.5086397796364309
2066,1772,intron,0.5083685316978148
2067,1773,intron,0.5082237190995852
2068,1774,intron,0.5081724456407517
2069,1775,intron,0.5080701443217879
2070,1776,intron,0.5079601596851019
2071,1777,intron,0.5078164300183292
2072,1778,intron,0.5077160850696452
2073,1779,intron,0.5075830123567167
2074,1780,intron,0.5073382087757964
2075,1781,intron,0.507234065504362
2076,1782,intron,0.5070732050237571
2077,1783,intron,0.5068912061777251
2078,1784,intron,0.5066283885650911
2079,1785,intron,0.5066091931894314
2080,1786,intron,0.5064388835418672
2081,1787,intron,0.5063157874477213
2082,1788,intron,0.5061398157574172
2083,1789,intron,0.5060254641521923
2084,1790,intron,0.5057851398668668
2085,1791,intron,0.5058065384874337
2086,1792,intron,0.5056192525999742
2087,1793,intron,0.5055608442713592
2088,1794,intron,0.5053880056302928
2089,1795,intron,0.5053257964661322
2090,1796,intron,0.5051367032054412
2091,1797,intron,0.5050678045920672
2092,1798,intron,0.5050190942759455
2093,1799,intron,0.5049232874185217
2094,1800,intron,0.5048803544597601
2095,1801,intron,0.5047682719720896
2096,1802,intron,0.5045678941201329
2097,1803,intron,0.5044271073415076
2098,1804,intron,0.5043411129611173
2099,1805,intron,0.5043012239286304
2100,1806,intron,0.504141371087585
2101,1807,intron,0.5039844270430387
2102,1808,intron,0.5039561274867361
2103,1809,intron,0.5039172709231401
2104,1810,intron,0.5036673408995828
2105,1811,intron,0.5036112582222324
2106,1812,intron,0.5034631220668987
2107,1813,intron,0.5032910323923532
2108,1814,intron,0.5031573576407671
2109,1815,intron,0.5030275480984082
2110,1816,intron,0.5028651756502261
2111,1817,intron,0.5027440602887879
2112,1818,intron,0.5025501106326192
2113,1819,intron,0.5025891338815153
2114,1820,intron,0.5026223876763115
2115,1821,intron,0.5025118693252933
2116,1822,intron,0.5021589434688367
2117,1823,intron,0.5018961787064593
2118,1824,intron,0.5018011113240084
2119,1825,intron,0.501593985769079
2120,1826,intron,0.5014089309556785
2121,1827,intron,0.5012842539547552
2122,1828,intron,0.5011107663905071
2123,1829,intron,0.5009698773148281
2124,1830,intron,0.5008902929350948
2125,1831,intron,0.5007111858138052
2126,1832,intron,0.5005732726691537
2127,1833,intron,0.500348320025722
2128,1834,intron,0.5000947228829435
2129,1835,intron,0.4998622394507946
2130,1836,intron,0.49972260059076506
2131,1837,intron,0.49966812106790415
2132,1838,intron,0.49943387204743234
2133,1839,intron,0.4994521139985351
2134,1840,intron,0.49926671217449
2135,1841,intron,0.49927254304040686
2136,1842,intron,0.49912257225875517
2137,1843,intron,0.49909114714241753
2138,1844,intron,0.4988858183597259
2139,1845,intron,0.49867767331651763
2140,1846,intron,0.4987619080372803
2141,1847,intron,0.49849747158759844
2142,1848,intron,0.4983238302627432
2143,1849,intron,0.4982896433175763
2144,1850,intron,0.49812179047699073
2145,1851,intron,0.49795301872453207
2146,1852,intron,0.49777282212934626
2147,1853,intron,0.497708177824783
2148,1854,intron,0.497606303781811
2149,1855,intron,0.4974739040064436
2150,1856,intron,0.49719837704348624
2151,1857,intron,0.49711657729519304
2152,1858,intron,0.49707294361886445
2153,1859,intron,0.49677075920071284
2154,1860,intron,0.49647531960599894
2155,1861,intron,0.49628677221021467
2156,1862,intron,0.49613640742160753
2157,1863,intron,0.4960890636831274
2158,1864,intron,0.49590059979593587
2159,1865,intron,0.49584182734572996
2160,1866,intron,0.49574108220559887
2161,1867,intron,0.4955535895421646
2162,1868,intron,0.49544144226589487
2163,1869,intron,0.4951605861819818
2164,1870,intron,0.4950580170686654
2165,1871,intron,0.49495353824160115
2166,1872,intron,0.4948023680007319
2167,1873,intron,0.4947026569620181
2168,1874,intron,0.49458293868667946
2169,1875,intron,0.49460707901867895
2170,1876,intron,0.49443494863689114
2171,1877,intron,0.49442387682036176
2172,1878,intron,0.49439946957384906
2173,1879,intron,0.49426364741340223
2174,1880,intron,0.4941154731243428
2175,1881,intron,0.4939844869098778
2176,1882,intron,0.4937668685014009
2177,1883,intron,0.49360073134498916
2178,1884,intron,0.4934993705996728
2179,1885,intron,0.49338279259482126
2180,1886,intron,0.49339086259620474
2181,1887,intron,0.49350268555663657
2182,1888,intron,0.49335173726796766
2183,1889,intron,0.4932654836762939
2184,1890,intron,0.49322012925824044
2185,1891,intron,0.4932119375483026
2186,1892,intron,0.4930562164754969
2187,1893,intron,0.4930784882116367
2188,1894,intron,0.49292372929743555
2189,1895,intron,0.492838492105784
2190,1896,intron,0.4927019106340869
2191,1897,intron,0.4926566852897745
2192,1898,intron,0.49267806311174706
2193,1899,intron,0.49253100901302005
2194,1900,intron,0.49240967041664524
2195,1901,intron,0.4922759943230461
2196,1902,intron,0.49222126681682593
2197,1903,intron,0.49199627919717404
2198,1904,intron,0.4918807052383099
2199,1905,intron,0.4918164682520813
2200,1906,intron,0.4916257750389897
2201,1907,intron,0.491527357790837
2202,1908,intron,0.4913452761296212
2203,1909,intron,0.49118990480609426
2204,1910,intron,0.49107358469398815
2205,1911,intron,0.4910105181500833
2206,1912,intron,0.490731692478507
2207,1913,intron,0.490662920301661
2208,1914,intron,0.49047156486844584
2209,1915,intron,0.49032768219825923
2210,1916,intron,0.4901667106996299
2211,1917,intron,0.490095161710288
2212,1918,intron,0.4899818127569162
2213,1919,intron,0.48996725747633624
2214,1920,intron,0.48987285728130064
2215,1921,intron,0.4896768333928694
2216,1922,intron,0.48963946162439864
2217,1923,intron,0.48942540789883654
2218,1924,intron,0.489248363840155
2219,1925,intron,0.4891834183741314
2220,1926,intron,0.48901687548913086
2221,1927,intron,0.0
2222,1928,intron,0.0
2223,1929,intron,0.0
2224,1930,intron,0.0
2225,1931,intron,0.0
2226,1932,intron,0.0
2227,1933,intron,0.0
2228,1934,intron,0.0
2229,1935,intron,0.0
2230,1936,intron,0.0
2231,1937,intron,0.0
2232,1938,intron,0.0
2233,1939,intron,0.0
2234,1940,intron,0.0
2235,1941,intron,0.0
2236,1942,intron,0.0
2237,1943,intron,0.0
2238,1944,intron,0.0
2239,1945,intron,0.0
2240,1946,intron,0.0
2241,1947,intron,0.0
2242,1948,intron,0.0
2243,1949,intron,0.0
2244,1950,intron,0.0
2245,1951,intron,0.0
2246,1952,intron,0.0
2247,1953,intron,0.0
2248,1954,intron,0.0
2249,1955,intron,0.0
2250,1956,intron,0.0
2251,1957,intron,0.0
2252,1958,intron,0.0
2253,1959,intron,0.0
2254,1960,intron,0.0
2255,1961,intron,0.0
2256,1962,intron,0.0
2257,1963,intron,0.0
2258,1964,intron,0.0
2259,1965,intron,0.0
2260,1966,intron,0.0
2261,1967,intron,0.0
2262,1968,intron,0.0
2263,1969,intron,0.0
2264,1970,intron,0.0
2265,1971,intron,0.0
2266,1972,intron,0.0
2267,1973,intron,0.0
2268,1974,intron,0.0
2269,1975,intron,0.0
2270,1976,intron,0.0
2271,1977,intron,0.0
2272,1978,intron,0.0
2273,1979,intron,0.0
2274,1980,intron,0.0
2275,1981,intron,0.0
2276,1982,intron,0.0
2277,1983,intron,0.0
2278,1984,intron,0.0
2279,1985,intron,0.0
2280,1986,intron,0.0
2281,1987,intron,0.0
2282,1988,intron,0.0
2283,1989,intron,0.0
2284,1990,intron,0.0
2285,1991,intron,0.0
2286,1992,intron,0.0
2287,1993,intron,0.0
2288,1994,intron,0.0
2289,1995,intron,0.0
2290,1996,intron,0.0
2291,1997,intron,0.0
2292,1998,intron,0.0
2293,1999,intron,0.0
2294,853,UUTR,0.0
2295,854,UUTR,0.0
2296,855,UUTR,0.0
2297,856,UUTR,0.0
2298,857,UUTR,0.0
2299,858,UUTR,0.0
2300,859,UUTR,0.0
2301,860,UUTR,0.0
2302,861,UUTR,0.0
2303,862,UUTR,0.0
2304,863,UUTR,0.0
2305,864,UUTR,0.0
2306,865,UUTR,0.0
2307,866,UUTR,0.0
2308,867,UUTR,0.0
2309,868,UUTR,0.0
2310,869,UUTR,0.0
2311,870,UUTR,0.0
2312,871,UUTR,0.0
2313,872,UUTR,0.0
2314,873,UUTR,0.0
2315,874,UUTR,0.0
2316,875,UUTR,0.0
2317,876,UUTR,0.0
2318,877,UUTR,0.0
2319,878,UUTR,0.0
2320,879,UUTR,0.0
2321,880,UUTR,0.0
2322,881,UUTR,0.0
2323,882,UUTR,0.0
2324,883,UUTR,0.0
2325,884,UUTR,0.0
2326,885,UUTR,0.0
2327,886,UUTR,0.0
2328,887,UUTR,0.0
2329,888,UUTR,0.0
2330,889,UUTR,0.0
2331,890,UUTR,0.0
2332,891,UUTR,0.0
2333,892,UUTR,0.0
2334,893,UUTR,0.0
2335,894,UUTR,0.0
2336,895,UUTR,0.0
2337,896,UUTR,0.0
2338,897,UUTR,0.0
2339,898,UUTR,0.0
2340,899,UUTR,0.0
2341,900,UUTR,0.0
2342,901,UUTR,0.0
2343,902,UUTR,0.0
2344,903,UUTR,0.0
2345,904,UUTR,0.0
2346,905,UUTR,0.0
2347,906,UUTR,0.0
2348,907,UUTR,0.0
2349,908,UUTR,0.0
2350,909,UUTR,0.0
2351,910,UUTR,0.0
2352,911,UUTR,0.0
2353,912,UUTR,0.0
2354,913,UUTR,0.0
2355,914,UUTR,0.0
2356,915,UUTR,0.0
2357,916,UUTR,0.0
2358,917,UUTR,0.0
2359,918,UUTR,0.0
2360,919,UUTR,0.0
2361,920,UUTR,0.0
2362,921,UUTR,0.0
2363,922,UUTR,0.0
2364,923,UUTR,0.0
2365,924,UUTR,0.0
2366,925,UUTR,0.0
2367,926,UUTR,0.0
2368,927,UUTR,0.521505376344086
2369,928,UUTR,0.5679170400716937
2370,929,UUTR,0.5324852727738411
2371,930,UUTR,0.5498975147322572
2372,931,UUTR,0.5566434283370925
2373,932,UUTR,0.5663546608539556
2374,933,UUTR,0.5777378683477497
2375,934,UUTR,0.5849377486843794
2376,935,UUTR,0.5914837752218955
2377,936,UUTR,0.5971162001696353
2378,937,UUTR,0.6025584060241809
2379,938,UUTR,0.6073045642797364
2380,939,UUTR,0.6109381506672747
2381,940,UUTR,0.6152314584370333
2382,941,UUTR,0.6177833675034027
2383,942,UUTR,0.6210030891652785
2384,943,UUTR,0.6240395170142701
2385,944,UUTR,0.6269776027920795
2386,945,UUTR,0.6291587403686926
2387,946,UUTR,0.6304129820402954
2388,947,UUTR,0.6316476143141153
2389,948,UUTR,0.6329768270944741
2390,949,UUTR,0.6343094042209086
2391,950,UUTR,0.6354081219717601
2392,951,UUTR,0.6365453818472611
2393,952,UUTR,0.6371729872236869
2394,953,UUTR,0.6380061268632613
2395,954,UUTR,0.6394050637702002
2396,955,UUTR,0.6401908529772699
2397,956,UUTR,0.6408108204054102
2398,957,UUTR,0.64145045595846
2399,958,UUTR,0.6422346013583593
2400,959,UUTR,0.6427351539500008
2401,960,UUTR,0.6432811485919617
2402,961,UUTR,0.6436528187852204
2403,962,UUTR,0.6438636175761083
2404,963,UUTR,0.6438668524085344
2405,964,UUTR,0.6442029607994731
2406,965,UUTR,0.6447111652013345
2407,966,UUTR,0.6452261443987034
2408,967,UUTR,0.6453524933435021
2409,968,UUTR,0.6456224215833933
2410,969,UUTR,0.64575316812888
2411,970,UUTR,0.6462367010412935
2412,971,UUTR,0.6468961013356992
2413,972,UUTR,0.6473407180454082
2414,973,UUTR,0.6478754633061528
2415,974,UUTR,0.648352032231583
2416,975,UUTR,0.6487793999073613
2417,976,UUTR,0.6492512572696879
2418,977,UUTR,0.649715516765177
2419,978,UUTR,0.6499902212177844
2420,979,UUTR,0.6500368798571841
2421,980,UUTR,0.6500902208965275
2422,981,UUTR,0.6501380407025832
2423,982,UUTR,0.650185458237458
2424,983,UUTR,0.6502516048923452
2425,984,UUTR,0.6506327357770709
2426,985,UUTR,0.6509394327252831
2427,986,UUTR,0.6510638502900534
2428,987,UUTR,0.6513982573478031
2429,988,UUTR,0.6515314284105889
2430,989,UUTR,0.6519308872495219
2431,990,UUTR,0.6521053209196832
2432,991,UUTR,0.6521369953344264
2433,992,UUTR,0.6522969143928069
2434,993,UUTR,0.6523499166571124
2435,994,UUTR,0.6522578676662889
2436,995,UUTR,0.6524180550408109
2437,996,UUTR,0.6525860011591831
2438,997,UUTR,0.6527292424555383
2439,998,UUTR,0.6530487982884525
2440,999,UUTR,0.6532352249326295
2441,1000,UUTR,0.6533285410293379
2442,1001,UUTR,0.6533961348750708
2443,1002,UUTR,0.65329314471904
2444,1003,UUTR,0.6533689559764383
2445,1004,UUTR,0.6535625667441423
2446,1005,UUTR,0.6536268523200187
2447,1006,UUTR,0.6538131004636071
2448,1007,UUTR,0.6538839048721151
2449,1008,UUTR,0.6540296021501306
2450,1009,UUTR,0.6541807074292834
2451,1010,UUTR,0.6544833564622763
2452,1011,UUTR,0.6546364749804477
2453,1012,UUTR,0.6546801543893025
2454,1013,UUTR,0.6547139549904567
2455,1014,UUTR,0.654991199306023
2456,1015,UUTR,0.6550170156086517
2457,1016,UUTR,0.6552838384625741
2458,1017,UUTR,0.6554519916039364
2459,1018,UUTR,0.6556588795645271
2460,1019,UUTR,0.6557923830370873
2461,1020,UUTR,0.6559097269736051
2462,1021,UUTR,0.6559132444250259
2463,1022,UUTR,0.6561305279141021
2464,1023,UUTR,0.6562171840921942
2465,1024,UUTR,0.656248433086527
2466,1025,UUTR,0.6563430692559772
2467,1026,UUTR,0.6563598704476943
2468,1027,UUTR,0.6563594601413542
2469,1028,UUTR,0.6564997574656627
2470,1029,UUTR,0.6566452522821523
2471,1030,UUTR,0.6567627166589518
2472,1031,UUTR,0.6569250723591313
2473,1032,UUTR,0.6569909953389131
2474,1033,UUTR,0.6570850572971404
2475,1034,UUTR,0.6571711822505553
2476,1035,UUTR,0.6573225045847524
2477,1036,UUTR,0.6573463654236152
2478,1037,UUTR,0.6575112695251074
2479,1038,UUTR,0.657670916192964
2480,1039,UUTR,0.6577929146174509
2481,1040,UUTR,0.6579567404640105
2482,1041,UUTR,0.6580390264499201
2483,1042,UUTR,0.6581709640162594
2484,1043,UUTR,0.658258256465961
2485,1044,UUTR,0.6583643310286683
2486,1045,UUTR,0.6584631105781867
2487,1046,UUTR,0.6585380903967419
2488,1047,UUTR,0.6586471836791973
2489,1048,UUTR,0.6588168555178985
2490,1049,UUTR,0.6588533298594526
2491,1050,UUTR,0.6589390713633391
2492,1051,UUTR,0.6590744229120613
2493,1052,UUTR,0.6591103006851524
2494,1053,UUTR,0.6590670249206142
2495,1054,UUTR,0.6590680987370903
2496,1055,UUTR,0.6592462090936723
2497,1056,UUTR,0.6592720640355031
2498,1057,UUTR,0.6593550654501739
2499,1058,UUTR,0.6594093225398853
2500,1059,UUTR,0.6593955648952055
2501,1060,UUTR,0.6594935105697594
2502,1061,UUTR,0.6595693347005248
2503,1062,UUTR,0.6596871075192486
2504,1063,UUTR,0.6596387425870991
2505,1064,UUTR,0.6597269236393573
2506,1065,UUTR,0.6597125387376842
2507,1066,UUTR,0.6597644024768634
2508,1067,UUTR,0.659789786897002
2509,1068,UUTR,0.6598627851313243
2510,1069,UUTR,0.6599296382343179
2511,1070,UUTR,0.6599816961239162
2512,1071,UUTR,0.6600841133316468
2513,1072,UUTR,0.6601207666054082
2514,1073,UUTR,0.6601699725606008
2515,1074,UUTR,0.6616865642559601
2516,1075,UUTR,0.662172693679986
2517,1076,UUTR,0.6642523358250579
2518,1077,UUTR,0.6649434120441525
2519,1078,UUTR,0.6658640318600927
2520,1079,UUTR,0.6663978685032119
2521,1080,UUTR,0.6665834501565111
2522,1081,UUTR,0.666981624686078
2523,1082,UUTR,0.6671767832051085
2524,1083,UUTR,0.6673607277272255
2525,1084,UUTR,0.6674306488579783
2526,1085,UUTR,0.6674845125761577
2527,1086,UUTR,0.6676059726112132
2528,1087,UUTR,0.6675090002769316
2529,1088,UUTR,0.6676682639916075
2530,1089,UUTR,0.6676639869782366
2531,1090,UUTR,0.6675966861420216
2532,1091,UUTR,0.6674798318204104
2533,1092,UUTR,0.6674210718541004
2534,1093,UUTR,0.6676097460924539
2535,1094,UUTR,0.6676462632997717
2536,1095,UUTR,0.6676883882011067
2537,1096,UUTR,0.667788713708309
2538,1097,UUTR,0.6679361427616546
2539,1098,UUTR,0.6679542122476598
2540,1099,UUTR,0.668096672159403
2541,1100,UUTR,0.6681998918471864
2542,1101,UUTR,0.6681421744133494
2543,1102,UUTR,0.6682073344831818
2544,1103,UUTR,0.6683396313619039
2545,1104,UUTR,0.6684585462488603
2546,1105,UUTR,0.6685318244614398
2547,1106,UUTR,0.6686239375449629
2548,1107,UUTR,0.6687296733982889
2549,1108,UUTR,0.6688313884660917
2550,1109,UUTR,0.6689936326575133
2551,1110,UUTR,0.669283034941398
2552,1111,UUTR,0.6693795175717965
2553,1112,UUTR,0.6694505785862054
2554,1113,UUTR,0.6694792798303995
2555,1114,UUTR,0.6696642430942359
2556,1115,UUTR,0.6697604159598896
2557,1116,UUTR,0.6699792677483911
2558,1117,UUTR,0.6699487015766828
2559,1118,UUTR,0.6698504406333419
2560,1119,UUTR,0.66975540713875
2561,1120,UUTR,0.6696710866068012
2562,1121,UUTR,0.6696651936184556
2563,1122,UUTR,0.669665373057699
2564,1123,UUTR,0.6695600882867798
2565,1124,UUTR,0.6694848287237716
2566,1125,UUTR,0.6695550967063391
2567,1126,UUTR,0.6697796608187591
2568,1127,UUTR,0.6699826734715527
2569,1128,UUTR,0.6702085528035422
2570,1129,UUTR,0.6703645893629168
2571,1130,UUTR,0.670526976564512
2572,1131,UUTR,0.6704969498345122
2573,1132,UUTR,0.6705248396289285
2574,1133,UUTR,0.670511631740537
2575,1134,UUTR,0.6703732626629337
2576,1135,UUTR,0.6704166736447221
2577,1136,UUTR,0.6702789839935518
2578,1137,UUTR,0.6703118154712535
2579,1138,UUTR,0.6704264842061941
2580,1139,UUTR,0.6705008490798394
2581,1140,UUTR,0.6706704701347909
2582,1141,UUTR,0.6708981331507307
2583,1142,UUTR,0.6709270122722728
2584,1143,UUTR,0.670874223623255
2585,1144,UUTR,0.6709446069642352
2586,1145,UUTR,0.670790801307888
2587,1146,UUTR,0.6708411871825182
2588,1147,UUTR,0.6709412717103327
2589,1148,UUTR,0.6710937427567473
2590,1149,UUTR,0.6713823181756596
2591,1150,UUTR,0.6714849378019266
2592,1151,UUTR,0.6713500073547903
2593,1152,UUTR,0.6714595845606518
2594,1153,UUTR,0.6713791475131785
2595,1154,UUTR,0.6714621427669719
2596,1155,UUTR,0.6714841361090046
2597,1156,UUTR,0.6714700531938494
2598,1157,UUTR,0.6711243361930641
2599,1158,UUTR,0.6710752241406066
2600,1159,UUTR,0.6711545834258157
2601,1160,UUTR,0.6712535583570557
2602,1161,UUTR,0.6710942182289452
2603,1162,UUTR,0.6711937725193834
2604,1163,UUTR,0.6710310029130254
2605,1164,UUTR,0.6710034544034471
2606,1165,UUTR,0.6707850449517733
2607,1166,UUTR,0.6708750266127316
2608,1167,UUTR,0.6708947659170506
2609,1168,UUTR,0.6709397090295942
2610,1169,UUTR,0.6706654323676758
2611,1170,UUTR,0.6706681443604402
2612,1171,UUTR,0.6707091924161185
2613,1172,UUTR,0.6706802258880139
2614,1173,UUTR,0.6708075928201502
2615,1174,UUTR,0.671074127882327
2616,1175,UUTR,0.6709268087093706
2617,1176,UUTR,0.6707424833601102
2618,1177,UUTR,0.6706419631759979
2619,1178,UUTR,0.6705357506857772
2620,1179,UUTR,0.6706313115013819
2621,1180,UUTR,0.6706550719154395
2622,1181,UUTR,0.6706093958452449
2623,1182,UUTR,0.6704449311451801
2624,1183,UUTR,0.6705798433117323
2625,1184,UUTR,0.6704465868051961
2626,1185,UUTR,0.6702518636684357
2627,1186,UUTR,0.6701591069243037
2628,1187,UUTR,0.669933989288828
2629,1188,UUTR,0.6700064620963543
2630,1189,UUTR,0.6698691005163925
2631,1190,UUTR,0.6697612816545365
2632,1191,UUTR,0.6696946369001796
2633,1192,UUTR,0.6695923063002508
2634,1193,UUTR,0.6695079149058091
2635,1194,UUTR,0.6693412411512698
2636,1195,UUTR,0.6691585696344768
2637,1196,UUTR,0.6691838474242182
2638,1197,UUTR,0.6691623897219148
2639,1198,UUTR,0.6688295887744342
2640,1199,UUTR,0.6687436583655096
2641,1200,UUTR,0.6689444147148013
2642,1201,UUTR,0.6689590821122477
2643,1202,UUTR,0.6688043561516018
2644,1203,UUTR,0.6688248374357284
2645,1204,UUTR,0.6687277404036407
2646,1205,UUTR,0.6687311350304687
2647,1206,UUTR,0.6687559613026298
2648,1207,UUTR,0.668742369624423
2649,1208,UUTR,0.6687236210158638
2650,1209,UUTR,0.6684870653950754
2651,1210,UUTR,0.6687589074072706
2652,1211,UUTR,0.668546179481076
2653,1212,UUTR,0.6687098635454212
2654,1213,UUTR,0.6686696056525152
2655,1214,UUTR,0.6687223865615233
2656,1215,UUTR,0.6684618154239794
2657,1216,UUTR,0.6683798279121812
2658,1217,UUTR,0.6683094814250511
2659,1218,UUTR,0.6681309560165065
2660,1219,UUTR,0.6682520152067263
2661,1220,UUTR,0.6681999094354012
2662,1221,UUTR,0.6681229346199701
2663,1222,UUTR,0.6683267654667214
2664,1223,UUTR,0.6684550140010551
2665,1224,UUTR,0.6683970439161571
2666,1225,UUTR,0.6681515393546156
2667,1226,UUTR,0.6681429140127388
2668,1227,UUTR,0.66844598150515
2669,1228,UUTR,0.6682709702390468
2670,1229,UUTR,0.6685425636505408
2671,1230,UUTR,0.6686131386861314
2672,1231,UUTR,0.6688107317912116
2673,1232,UUTR,0.6689562581203985
2674,1233,UUTR,0.6691357378422237
2675,1234,UUTR,0.6692708562188574
2676,1235,UUTR,0.6692484044860276
2677,1236,UUTR,0.6691304309061243
2678,1237,UUTR,0.6693039253545032
2679,1238,UUTR,0.6694405499525123
2680,1239,UUTR,0.6696366750482854
2681,1240,UUTR,0.6694806386492934
2682,1241,UUTR,0.6697041671672689
2683,1242,UUTR,0.6697476566790465
2684,1243,UUTR,0.6696978503595233
2685,1244,UUTR,0.6694172740662412
2686,1245,UUTR,0.6695824974090309
2687,1246,UUTR,0.6695550597945251
2688,1247,UUTR,0.6697809402599406
2689,1248,UUTR,0.6696570740611286
2690,1249,UUTR,0.6695443879546343
2691,1250,UUTR,0.6693806424935761
2692,1251,UUTR,0.6692441906574669
2693,1252,UUTR,0.669049092615145
2694,1253,UUTR,0.6691124736154387
2695,1254,UUTR,0.6690855725924801
2696,1255,UUTR,0.669180518329036
2697,1256,UUTR,0.6691877469341679
2698,1257,UUTR,0.6689608134920635
2699,1258,UUTR,0.6687548779853271
2700,1259,UUTR,0.6685145983106621
2701,1260,UUTR,0.6683271242071491
2702,1261,UUTR,0.6683281434325614
2703,1262,UUTR,0.668418292539358
2704,1263,UUTR,0.6682257091128545
2705,1264,UUTR,0.668062986315344
2706,1265,UUTR,0.667890630122615
2707,1266,UUTR,0.66795417780859
2708,1267,UUTR,0.6681035438044369
2709,1268,UUTR,0.6679164434922336
2710,1269,UUTR,0.6677454153182308
2711,1270,UUTR,0.6678698727015558
2712,1271,UUTR,0.6676959538757791
2713,1272,UUTR,0.6677375679831103
2714,1273,UUTR,0.6675409002680469
2715,1274,UUTR,0.667566372710985
2716,1275,UUTR,0.667189916123893
2717,1276,UUTR,0.6673311237187577
2718,1277,UUTR,0.6672367108450905
2719,1278,UUTR,0.6672047639546563
2720,1279,UUTR,0.6667629779447173
2721,1280,UUTR,0.6671717232936156
2722,1281,UUTR,0.6673378977043899
2723,1282,UUTR,0.6675636158108789
2724,1283,UUTR,0.6675449338825596
2725,1284,UUTR,0.6674097135740972
2726,1285,UUTR,0.6675441895449417
2727,1286,UUTR,0.6673480976717774
2728,1287,UUTR,0.6671705111269179
2729,1288,UUTR,0.6672718207039391
2730,1289,UUTR,0.6671471224132606
2731,1290,UUTR,0.667223711994611
2732,1291,UUTR,0.6670100538552819
2733,1292,UUTR,0.667025451872465
2734,1293,UUTR,0.6667151124382317
2735,1294,UUTR,0.6664760562256473
2736,1295,UUTR,0.6663677490162486
2737,1296,UUTR,0.6662760311430803
2738,1297,UUTR,0.6662509320138277
2739,1298,UUTR,0.6663483444973466
2740,1299,UUTR,0.6664332784184513
2741,1300,UUTR,0.6664179826197483
2742,1301,UUTR,0.6666295930709449
2743,1302,UUTR,0.6665127731609726
2744,1303,UUTR,0.6664883432819011
2745,1304,UUTR,0.6668272091112559
2746,1305,UUTR,0.666609657374152
2747,1306,UUTR,0.6667909377688558
2748,1307,UUTR,0.6668445880638786
2749,1308,UUTR,0.6663376970189545
2750,1309,UUTR,0.6665693302769707
2751,1310,UUTR,0.6662798895482052
2752,1311,UUTR,0.6660510335249183
2753,1312,UUTR,0.6660820191150022
2754,1313,UUTR,0.6654504672897196
2755,1314,UUTR,0.6651723930441061
2756,1315,UUTR,0.6653803081207058
2757,1316,UUTR,0.6656719599275285
2758,1317,UUTR,0.6653442597840239
2759,1318,UUTR,0.6653259981816221
2760,1319,UUTR,0.6651733118372914
2761,1320,UUTR,0.6649617165936345
2762,1321,UUTR,0.6645699675299211
2763,1322,UUTR,0.6646311637080868
2764,1323,UUTR,0.6646402438056539
2765,1324,UUTR,0.6645272535683494
2766,1325,UUTR,0.6643648626947165
2767,1326,UUTR,0.6640823117055128
2768,1327,UUTR,0.6637748968385483
2769,1328,UUTR,0.6637526756973153
2770,1329,UUTR,0.6636209758261984
2771,1330,UUTR,0.6634327741508966
2772,1331,UUTR,0.6629992188668583
2773,1332,UUTR,0.6628952470084899
2774,1333,UUTR,0.6625605001344448
2775,1334,UUTR,0.6624473999966201
2776,1335,UUTR,0.6618291812527615
2777,1336,UUTR,0.6616146945749679
2778,1337,UUTR,0.6615987218471371
2779,1338,UUTR,0.6610933586665515
2780,1339,UUTR,0.6608603532415206
2781,1340,UUTR,0.6606834174363989
2782,1341,UUTR,0.6605280713458095
2783,1342,UUTR,0.6600829582561115
2784,1343,UUTR,0.6597810076487604
2785,1344,UUTR,0.6593512471898084
2786,1345,UUTR,0.659449277962149
2787,1346,UUTR,0.6592597936656807
2788,1347,UUTR,0.6590979161754837
2789,1348,UUTR,0.6590502935920347
2790,1349,UUTR,0.6581157400616107
2791,1350,UUTR,0.6579820776634584
2792,1351,UUTR,0.6575946902983
2793,1352,UUTR,0.6573159366262814
2794,1353,UUTR,0.6574469679934037
2795,1354,UUTR,0.6566874540761535
2796,1355,UUTR,0.656154705759797
2797,1356,UUTR,0.655922167431411
2798,1357,UUTR,0.655477302304218
2799,1358,UUTR,0.6555346081335847
2800,1359,UUTR,0.6552970976661446
2801,1360,UUTR,0.6549867848258707
2802,1361,UUTR,0.654790506885438
2803,1362,UUTR,0.6547770950707681
2804,1363,UUTR,0.6545533459595959
2805,1364,UUTR,0.6543075245365322
2806,1365,UUTR,0.6539465556064803
2807,1366,UUTR,0.653588880877994
2808,1367,UUTR,0.6532756365100131
2809,1368,UUTR,0.6526285980136335
2810,1369,UUTR,0.6521182306066027
2811,1370,UUTR,0.6516587677725119
2812,1371,UUTR,0.6513537368885605
2813,1372,UUTR,0.6512807820814256
2814,1373,UUTR,0.6512206241969578
2815,1374,UUTR,0.6501468046561023
2816,1375,UUTR,0.649803330822663
2817,1376,UUTR,0.6492253358279552
2818,1377,UUTR,0.648894146475422
2819,1378,UUTR,0.6484748137298605
2820,1379,UUTR,0.6479447087181894
2821,1380,UUTR,0.6471596998928189
2822,1381,UUTR,0.6468206100292951
2823,1382,UUTR,0.6465088091424613
2824,1383,UUTR,0.6460802435576819
2825,1384,UUTR,0.6453635728019577
2826,1385,UUTR,0.6448893572181243
2827,1386,UUTR,0.6441160251461343
2828,1387,UUTR,0.6438307586604313
2829,1388,UUTR,0.6434759370197982
2830,1389,UUTR,0.6431720033116287
2831,1390,UUTR,0.6423191924641982
2832,1391,UUTR,0.6419859053126129
2833,1392,UUTR,0.6412944807552651
2834,1393,UUTR,0.6411665450565487
2835,1394,UUTR,0.6400082472337404
2836,1395,UUTR,0.6392782342516513
2837,1396,UUTR,0.6391509433962265
2838,1397,UUTR,0.6389611596357554
2839,1398,UUTR,0.6383495145631068
2840,1399,UUTR,0.6380688878988956
2841,1400,UUTR,0.6372394299846896
2842,1401,UUTR,0.6366325154390365
2843,1402,UUTR,0.6361410847554309
2844,1403,UUTR,0.6359946518957119
2845,1404,UUTR,0.6359995203261782
2846,1405,UUTR,0.6364643812185309
2847,1406,UUTR,0.6364340334914336
2848,1407,UUTR,0.6363150218765192
2849,1408,UUTR,0.6359596650145274
2850,1409,UUTR,0.6354227977241514
2851,1410,UUTR,0.635275280206922
2852,1411,UUTR,0.6356483657866739
2853,1412,UUTR,0.6355344583343688
2854,1413,UUTR,0.6356192425793245
2855,1414,UUTR,0.6353127037464266
2856,1415,UUTR,0.6347858942065491
2857,1416,UUTR,0.6346616065781151
2858,1417,UUTR,0.63428208386277
2859,1418,UUTR,0.6343399790672146
2860,1419,UUTR,0.6330256410256411
2861,1420,UUTR,0.6329263895327873
2862,1421,UUTR,0.6323864224360964
2863,1422,UUTR,0.6324748564151875
2864,1423,UUTR,0.6320515832615449
2865,1424,UUTR,0.6321516597619172
2866,1425,UUTR,0.6317979510679202
2867,1426,UUTR,0.632099679902648
2868,1427,UUTR,0.6316656481653692
2869,1428,UUTR,0.6308936147503802
2870,1429,UUTR,0.6303025430768818
2871,1430,UUTR,0.6296356100974219
2872,1431,UUTR,0.6293713853305227
2873,1432,UUTR,0.6289963632416001
2874,1433,UUTR,0.6287575286839452
2875,1434,UUTR,0.6286636928381818
2876,1435,UUTR,0.6285965539036522
2877,1436,UUTR,0.6288733754587346
2878,1437,UUTR,0.629006787643718
2879,1438,UUTR,0.6286962085176222
2880,1439,UUTR,0.6284110270089098
2881,1440,UUTR,0.6279656739020697
2882,1441,UUTR,0.6277668262461279
2883,1442,UUTR,0.6273788988490795
2884,1443,UUTR,0.6272466566342031
2885,1444,UUTR,0.6266073617882701
2886,1445,UUTR,0.6267250758747065
2887,1446,UUTR,0.6258841796538042
2888,1447,UUTR,0.6253573181647561
2889,1448,UUTR,0.6244200881466018
2890,1449,UUTR,0.6242320123460385
2891,1450,UUTR,0.6238084098485291
2892,1451,UUTR,0.6234178144547884
2893,1452,UUTR,0.6236800188779423
2894,1453,UUTR,0.6231669382313731
2895,1454,UUTR,0.6227571636861369
2896,1455,UUTR,0.623363815671508
2897,1456,UUTR,0.6224863437181103
2898,1457,UUTR,0.6226938381767756
2899,1458,UUTR,0.6224832722758787
2900,1459,UUTR,0.6225485724710389
2901,1460,UUTR,0.6226374767182682
2902,1461,UUTR,0.6226201060796517
2903,1462,UUTR,0.6220717254117285
2904,1463,UUTR,0.6212758066510076
2905,1464,UUTR,0.621497502094517
2906,1465,UUTR,0.6213041717294451
2907,1466,UUTR,0.6215083362006945
2908,1467,UUTR,0.6213491614848313
2909,1468,UUTR,0.6213778968942141
2910,1469,UUTR,0.6210629609698964
2911,1470,UUTR,0.6209679982203579
2912,1471,UUTR,0.6212275888470619
2913,1472,UUTR,0.6207846277021617
2914,1473,UUTR,0.6202861276322135
2915,1474,UUTR,0.6200219453946944
2916,1475,UUTR,0.6201043117690888
2917,1476,UUTR,0.6201951219512195
2918,1477,UUTR,0.6198093496996605
2919,1478,UUTR,0.6198669419591649
2920,1479,UUTR,0.620081589682853
2921,1480,UUTR,0.6199881101790079
2922,1481,UUTR,0.6198355328602693
2923,1482,UUTR,0.6200559328805434
2924,1483,UUTR,0.6196636913716445
2925,1484,UUTR,0.6193689157435381
2926,1485,UUTR,0.619468131719977
2927,1486,UUTR,0.6193651008528496
2928,1487,UUTR,0.6192789915395331
2929,1488,UUTR,0.6193464765672966
2930,1489,UUTR,0.6189693545625748
2931,1490,UUTR,0.6184730672716647
2932,1491,UUTR,0.6185168570344042
2933,1492,UUTR,0.6182970763475129
2934,1493,UUTR,0.6184631432545201
2935,1494,UUTR,0.6183429887624764
2936,1495,UUTR,0.6184104522049809
2937,1496,UUTR,0.6187379152750923
2938,1497,UUTR,0.6183133380381087
2939,1498,UUTR,0.6186647777581017
2940,1499,UUTR,0.6187428896473265
2941,1500,UUTR,0.6185276380116334
2942,1501,UUTR,0.6185087028149846
2943,1502,UUTR,0.6187771827037131
2944,1503,UUTR,0.6187813413182294
2945,1504,UUTR,0.6187269172278949
2946,1505,UUTR,0.6185267289312062
2947,1506,UUTR,0.6184709658593522
2948,1507,UUTR,0.618268350723046
2949,1508,UUTR,0.6181290417401528
2950,1509,UUTR,0.6183802920784777
2951,1510,UUTR,0.6182262363044122
2952,1511,UUTR,0.6183223122074448
2953,1512,UUTR,0.6182326621923937
2954,1513,UUTR,0.6177020958083832
2955,1514,UUTR,0.6175144638966114
2956,1515,UUTR,0.6175139538391914
2957,1516,UUTR,0.6173942675400401
2958,1517,UUTR,0.6178147810218978
2959,1518,UUTR,0.6174988547869904
2960,1519,UUTR,0.6175782897006401
2961,1520,UUTR,0.6174421737289766
2962,1521,UUTR,0.6178846079530085
2963,1522,UUTR,0.6177782951150429
2964,1523,UUTR,0.6173113630166336
2965,1524,UUTR,0.6175113405287033
2966,1525,UUTR,0.6170062419031916
2967,1526,UUTR,0.617054813413721
2968,1527,UUTR,0.6171769918506211
2969,1528,UUTR,0.6171319645764664
2970,1529,UUTR,0.6172214470799282
2971,1530,UUTR,0.6175670268107243
2972,1531,UUTR,0.6173127133962643
2973,1532,UUTR,0.61724263075124
2974,1533,UUTR,0.6176732512953368
2975,1534,UUTR,0.6177163754571312
2976,1535,UUTR,0.6175714810131745
2977,1536,UUTR,0.6175579395626893
2978,1537,UUTR,0.6178574364877086
2979,1538,UUTR,0.6179274483100161
2980,1539,UUTR,0.6178322837255552
2981,1540,UUTR,0.6176788685524126
2982,1541,UUTR,0.6177072457715598
2983,1542,UUTR,0.6180872919374449
2984,1543,UUTR,0.6178129472177792
2985,1544,UUTR,0.6173413335586918
2986,1545,UUTR,0.6174761399787911
2987,1546,UUTR,0.6170747285501383
2988,1547,UUTR,0.6176432876009745
2989,1548,UUTR,0.6173416852582804
2990,1549,UUTR,0.6172796967869756
2991,1550,UUTR,0.6174664937310852
2992,1551,UUTR,0.617107147506835
2993,1552,UUTR,0.6162223383864784
2994,1553,UUTR,0.6157646235901023
2995,1554,UUTR,0.6160831797841537
2996,1555,UUTR,0.6161567246313009
2997,1556,UUTR,0.6167064228288718
2998,1557,UUTR,0.6170656028368794
2999,1558,UUTR,0.6164761354032294
3000,1559,UUTR,0.6161399750044635
3001,1560,UUTR,0.6157670772676371
3002,1561,UUTR,0.6146619920891766
3003,1562,UUTR,0.6150376618104731
3004,1563,UUTR,0.6143018782529984
3005,1564,UUTR,0.6141864583806367
3006,1565,UUTR,0.6134675839445989
3007,1566,UUTR,0.6148747485829219
3008,1567,UUTR,0.6145838110525109
3009,1568,UUTR,0.6147722043258168
3010,1569,UUTR,0.6145640930919838
3011,1570,UUTR,0.6146040865495992
3012,1571,UUTR,0.614143574483913
3013,1572,UUTR,0.6132885405001867
3014,1573,UUTR,0.6130542679215245
3015,1574,UUTR,0.6125
3016,1575,UUTR,0.6131893013821407
3017,1576,UUTR,0.612823791258228
3018,1577,UUTR,0.6131025957972805
3019,1578,UUTR,0.613155759224784
3020,1579,UUTR,0.6131985047445605
3021,1580,UUTR,0.613030507169666
3022,1581,UUTR,0.6122813798434631
3023,1582,UUTR,0.6120677111121889
3024,1583,UUTR,0.6114925736547359
3025,1584,UUTR,0.6105216838605584
3026,1585,UUTR,0.6103966228156293
3027,1586,UUTR,0.6099147489282019
3028,1587,UUTR,0.6104596506852704
3029,1588,UUTR,0.6105508916596294
3030,1589,UUTR,0.6104433694080096
3031,1590,UUTR,0.6105242076803685
3032,1591,UUTR,0.6110776035383997
3033,1592,UUTR,0.6105757101771028
3034,1593,UUTR,0.6106356039503672
3035,1594,UUTR,0.6109303507880021
3036,1595,UUTR,0.611023220209237
3037,1596,UUTR,0.6103882798893556
3038,1597,UUTR,0.6102740782639996
3039,1598,UUTR,0.6101161290322581
3040,1599,UUTR,0.6098217985909656
3041,1600,UUTR,0.6095049916805324
3042,1601,UUTR,0.6090382507958044
3043,1602,UUTR,0.6083176199455269
3044,1603,UUTR,0.6083276378739289
3045,1604,UUTR,0.6072182355424229
3046,1605,UUTR,0.6067362177620081
3047,1606,UUTR,0.6062184427318629
3048,1607,UUTR,0.6060816217658043
3049,1608,UUTR,0.6057295850066935
3050,1609,UUTR,0.606482476886691
3051,1610,UUTR,0.6061946902654868
3052,1611,UUTR,0.6061213434452871
3053,1612,UUTR,0.6065912551664129
3054,1613,UUTR,0.6060390957737251
3055,1614,UUTR,0.6059426566525958
3056,1615,UUTR,0.6047561378399208
3057,1616,UUTR,0.6047874398805904
3058,1617,UUTR,0.604408417078452
3059,1618,UUTR,0.6033684680162846
3060,1619,UUTR,0.6026553134278192
3061,1620,UUTR,0.6025770875534548
3062,1621,UUTR,0.6026112021703498
3063,1622,UUTR,0.601680481435222
3064,1623,UUTR,0.6009009522723385
3065,1624,UUTR,0.6007902874813882
3066,1625,UUTR,0.6007245960089712
3067,1626,UUTR,0.5995610995610996
3068,1627,UUTR,0.5993968916724658
3069,1628,UUTR,0.5993013100436682
3070,1629,UUTR,0.5987257423427637
3071,1630,UUTR,0.598803097864351
3072,1631,UUTR,0.5985160758450123
3073,1632,UUTR,0.5983097925654512
3074,1633,UUTR,0.5981613285883749
3075,1634,UUTR,0.5982498958271326
3076,1635,UUTR,0.5972753346080306
3077,1636,UUTR,0.5975046487913143
3078,1637,UUTR,0.5980250481695568
3079,1638,UUTR,0.5974614687216682
3080,1639,UUTR,0.5975247224413032
3081,1640,UUTR,0.597978321763488
3082,1641,UUTR,0.5970906423812725
3083,1642,UUTR,0.5967732040979081
3084,1643,UUTR,0.5965149929191552
3085,1644,UUTR,0.5966755236977075
3086,1645,UUTR,0.595819895807492
3087,1646,UUTR,0.5954188970496701
3088,1647,UUTR,0.5951146373461611
3089,1648,UUTR,0.5955979181037185
3090,1649,UUTR,0.5952036256058413
3091,1650,UUTR,0.5946799772540595
3092,1651,UUTR,0.5943426143210503
3093,1652,UUTR,0.5938753422041129
3094,1653,UUTR,0.592817432423797
3095,1654,UUTR,0.5932910012186517
3096,1655,UUTR,0.5923255215039918
3097,1656,UUTR,0.5917668346904484
3098,1657,UUTR,0.5909828089523191
3099,1658,UUTR,0.5904532430320396
3100,1659,UUTR,0.5903504184100419
3101,1660,UUTR,0.5898411865074157
3102,1661,UUTR,0.5900797048942757
3103,1662,UUTR,0.5896469654898849
3104,1663,UUTR,0.5890120098201844
3105,1664,UUTR,0.5883880418137026
3106,1665,UUTR,0.5884671923025524
3107,1666,UUTR,0.587781652360515
3108,1667,UUTR,0.5870794078061912
3109,1668,UUTR,0.587305874409183
3110,1669,UUTR,0.587844704925808
3111,1670,UUTR,0.5883872722327985
3112,1671,UUTR,0.5876091703056768
3113,1672,UUTR,0.5879493324204039
3114,1673,UUTR,0.5883201648917897
3115,1674,UUTR,0.5878257272852613
3116,1675,UUTR,0.5875760929717764
3117,1676,UUTR,0.5872145484833762
3118,1677,UUTR,0.5866007382129674
3119,1678,UUTR,0.5870598099496925
3120,1679,UUTR,0.5862068965517241
3121,1680,UUTR,0.5856590509666081
3122,1681,UUTR,0.5851078832322663
3123,1682,UUTR,0.5854728057146898
3124,1683,UUTR,0.5854143019296254
3125,1684,UUTR,0.5853137896684218
3126,1685,UUTR,0.5852126748501285
3127,1686,UUTR,0.5852122253238852
3128,1687,UUTR,0.5850979829157993
3129,1688,UUTR,0.5854870059750917
3130,1689,UUTR,0.5851263537906137
3131,1690,UUTR,0.5852280955829109
3132,1691,UUTR,0.5854455661268066
3133,1692,UUTR,0.5856643356643356
3134,1693,UUTR,0.5854763296317943
3135,1694,UUTR,0.5852568330035905
3136,1695,UUTR,0.5855504924298104
3137,1696,UUTR,0.5859069801724773
3138,1697,UUTR,0.5851134599748689
3139,1698,UUTR,0.5857238158772515
3140,1699,UUTR,0.5859224022595511
3141,1700,UUTR,0.5866875372689326
3142,1701,UUTR,0.5862868251831913
3143,1702,UUTR,0.5858525241917335
3144,1703,UUTR,0.5854154124021673
3145,1704,UUTR,0.5845851890994187
3146,1705,UUTR,0.5850999394306481
3147,1706,UUTR,0.5847380410022779
3148,1707,UUTR,0.5849387040280211
3149,1708,UUTR,0.5848797250859107
3150,1709,UUTR,0.584896990120242
3151,1710,UUTR,0.5854201874327853
3152,1711,UUTR,0.5851891808584418
3153,1712,UUTR,0.5858070500927643
3154,1713,UUTR,0.5849554090732842
3155,1714,UUTR,0.584999610985762
3156,1715,UUTR,0.5842828156703606
3157,1716,UUTR,0.5850164396430249
3158,1717,UUTR,0.5842626040521439
3159,1718,UUTR,0.5843378239974789
3160,1719,UUTR,0.5845387716386057
3161,1720,UUTR,0.5842322335025381
3162,1721,UUTR,0.5840693880798917
3163,1722,UUTR,0.5838454784899034
3164,1723,UUTR,0.5842138968940122
3165,1724,UUTR,0.5835876023767465
3166,1725,UUTR,0.5840850515463918
3167,1726,UUTR,0.5835353045726288
3168,1727,UUTR,0.5838735818476499
3169,1728,UUTR,0.5844103064293262
3170,1729,UUTR,0.584379585847057
3171,1730,UUTR,0.583892068683565
3172,1731,UUTR,0.584419844198442
3173,1732,UUTR,0.5849025573554807
3174,1733,UUTR,0.5844327176781002
3175,1734,UUTR,0.5840773809523809
3176,1735,UUTR,0.584051724137931
3177,1736,UUTR,0.5830770509517081
3178,1737,UUTR,0.583027675891964
3179,1738,UUTR,0.582796957284962
3180,1739,UUTR,0.5827814569536424
3181,1740,UUTR,0.5831161187253006
3182,1741,UUTR,0.5830802968960864
3183,1742,UUTR,0.5835871404399323
3184,1743,UUTR,0.5844012560468471
3185,1744,UUTR,0.584354783792986
3186,1745,UUTR,0.5846495347050286
3187,1746,UUTR,0.5841253531980478
3188,1747,UUTR,0.5840776365510134
3189,1748,UUTR,0.5845319093962622
3190,1749,UUTR,0.5840386940749698
3191,1750,UUTR,0.5837519487268318
3192,1751,UUTR,0.5838762922422032
3193,1752,UUTR,0.5841394335511982
3194,1753,UUTR,0.5841783216783217
3195,1754,UUTR,0.5833771699105734
3196,1755,UUTR,0.5833260047489227
3197,1756,UUTR,0.5827452364149612
3198,1757,UUTR,0.583222723652774
3199,1758,UUTR,0.5836513712612053
3200,1759,UUTR,0.5823911688774147
3201,1760,UUTR,0.5825
3202,1761,UUTR,0.582699023909734
3203,1762,UUTR,0.5833557769997306
3204,1763,UUTR,0.5824709799334113
3205,1764,UUTR,0.5830477908025248
3206,1765,UUTR,0.5830848468419626
3207,1766,UUTR,0.5837181925201486
3208,1767,UUTR,0.584082040112533
3209,1768,UUTR,0.5838108231014097
3210,1769,UUTR,0.583485235144003
3211,1770,UUTR,0.5841095890410959
3212,1771,UUTR,0.5844239040907843
3213,1772,UUTR,0.5834327125951747
3214,1773,UUTR,0.5835402298850575
3215,1774,UUTR,0.5838326113005807
3216,1775,UUTR,0.5832409460458241
3217,1776,UUTR,0.5832947495138439
3218,1777,UUTR,0.5833101271697763
3219,1778,UUTR,0.5832325300083744
3220,1779,UUTR,0.5841805801697603
3221,1780,UUTR,0.5839566192969334
3222,1781,UUTR,0.5834504732452441
3223,1782,UUTR,0.5848985725018783
3224,1783,UUTR,0.5845487908158464
3225,1784,UUTR,0.5851404865170658
3226,1785,UUTR,0.5856400566839868
3227,1786,UUTR,0.5853289162328443
3228,1787,UUTR,0.5848430238072655
3229,1788,UUTR,0.5853055793175553
3230,1789,UUTR,0.5857306153553058
3231,1790,UUTR,0.5854892601431981
3232,1791,UUTR,0.5850157879628743
3233,1792,UUTR,0.5859787091205524
3234,1793,UUTR,0.5846952509132859
3235,1794,UUTR,0.5846984004625169
3236,1795,UUTR,0.5841622404635441
3237,1796,UUTR,0.583389797696254
3238,1797,UUTR,0.5834707537103502
3239,1798,UUTR,0.5836087886447598
3240,1799,UUTR,0.5834957131722526
3241,1800,UUTR,0.5836344107020799
3242,1801,UUTR,0.5830316077894119
3243,1802,UUTR,0.5832516179643067
3244,1803,UUTR,0.58374287399253
3245,1804,UUTR,0.5840803861688504
3246,1805,UUTR,0.5836871729041178
3247,1806,UUTR,0.583671449777338
3248,1807,UUTR,0.5839531885351582
3249,1808,UUTR,0.5834410098399762
3250,1809,UUTR,0.5841219244944715
3251,1810,UUTR,0.5833915560435173
3252,1811,UUTR,0.5836583658365837
3253,1812,UUTR,0.5829659318637275
3254,1813,UUTR,0.5814677241240839
3255,1814,UUTR,0.581858407079646
3256,1815,UUTR,0.5806386622343105
3257,1816,UUTR,0.5795156407669021
3258,1817,UUTR,0.5792984938845649
3259,1818,UUTR,0.579426951503493
3260,1819,UUTR,0.5792515972010952
3261,1820,UUTR,0.5776107273466071
3262,1821,UUTR,0.5777370777370777
3263,1822,UUTR,0.5776600081532817
3264,1823,UUTR,0.5771154435031132
3265,1824,UUTR,0.5777527860137001
3266,1825,UUTR,0.5766513056835637
3267,1826,UUTR,0.5763233483791547
3268,1827,UUTR,0.5757887164731271
3269,1828,UUTR,0.5756203026871204
3270,1829,UUTR,0.5752887788778878
3271,1830,UUTR,0.574646141130282
3272,1831,UUTR,0.5737942454978265
3273,1832,UUTR,0.5728356661482633
3274,1833,UUTR,0.5726602264464526
3275,1834,UUTR,0.572840790842872
3276,1835,UUTR,0.5717264386989158
3277,1836,UUTR,0.5705483028720627
3278,1837,UUTR,0.5701130179991628
3279,1838,UUTR,0.5697211155378487
3280,1839,UUTR,0.569267934040542
3281,1840,UUTR,0.56897821740503
3282,1841,UUTR,0.5683256010122312
3283,1842,UUTR,0.5677160363405873
3284,1843,UUTR,0.5664232031332698
3285,1844,UUTR,0.5655494272380144
3286,1845,UUTR,0.5654160909767244
3287,1846,UUTR,0.565860930678309
3288,1847,UUTR,0.5649807938540333
3289,1848,UUTR,0.5638695884553715
3290,1849,UUTR,0.5643140194923423
3291,1850,UUTR,0.5636870908895805
3292,1851,UUTR,0.563917858294807
3293,1852,UUTR,0.5629645588710546
3294,1853,UUTR,0.5633635578583766
3295,1854,UUTR,0.5631015464474964
3296,1855,UUTR,0.5630552546045504
3297,1856,UUTR,0.5626220968092034
3298,1857,UUTR,0.5622961513372472
3299,1858,UUTR,0.5617378048780488
3300,1859,UUTR,0.5607415485278081
3301,1860,UUTR,0.5602403058438012
3302,1861,UUTR,0.5596280087527352
3303,1862,UUTR,0.5595133713283648
3304,1863,UUTR,0.559336919530135
3305,1864,UUTR,0.5577917079071814
3306,1865,UUTR,0.5572199581451702
3307,1866,UUTR,0.5565236572184846
3308,1867,UUTR,0.5557641342756183
3309,1868,UUTR,0.5556661138750691
3310,1869,UUTR,0.5548051372896369
3311,1870,UUTR,0.5545454545454546
3312,1871,UUTR,0.5544950055493896
3313,1872,UUTR,0.5535555555555556
3314,1873,UUTR,0.553454221826677
3315,1874,UUTR,0.5533028851509413
3316,1875,UUTR,0.5529280535415505
3317,1876,UUTR,0.5513851653261841
3318,1877,UUTR,0.5510181248601477
3319,1878,UUTR,0.550773369199731
3320,1879,UUTR,0.550477259966311
3321,1880,UUTR,0.5510295937886801
3322,1881,UUTR,0.5500563697857949
3323,1882,UUTR,0.5500451875282422
3324,1883,UUTR,0.5511035653650255
3325,1884,UUTR,0.5497334694340479
3326,1885,UUTR,0.5499488578247528
3327,1886,UUTR,0.5493166287015945
3328,1887,UUTR,0.5488472951380964
3329,1888,UUTR,0.5485420240137221
3330,1889,UUTR,0.5474226804123712
3331,1890,UUTR,0.5466330159458529
3332,1891,UUTR,0.5461856617647058
3333,1892,UUTR,0.5449838932351587
3334,1893,UUTR,0.5445852534562212
3335,1894,UUTR,0.5440701430549146
3336,1895,UUTR,0.5440258839842848
3337,1896,UUTR,0.54375
3338,1897,UUTR,0.544231884057971
3339,1898,UUTR,0.5448740276326484
3340,1899,UUTR,0.5439432690072076
3341,1900,UUTR,0.5434225844004656
3342,1901,UUTR,0.5428904428904429
3343,1902,UUTR,0.543577178858943
3344,1903,UUTR,0.5425134314412521
3345,1904,UUTR,0.5432546177227028
3346,1905,UUTR,0.5421884142773552
3347,1906,UUTR,0.5421206795547745
3348,1907,UUTR,0.5420626539950721
3349,1908,UUTR,0.5405945247326989
3350,1909,UUTR,0.5400188323917138
3351,1910,UUTR,0.5401485673859214
3352,1911,UUTR,0.5394612476370511
3353,1912,UUTR,0.5391808712121212
3354,1913,UUTR,0.5394830448185914
3355,1914,UUTR,0.5385985748218527
3356,1915,UUTR,0.5380680466333572
3357,1916,UUTR,0.5376549094375596
3358,1917,UUTR,0.5373045242927063
3359,1918,UUTR,0.5360516561042687
3360,1919,UUTR,0.5361034606633936
3361,1920,UUTR,0.535915577407363
3362,1921,UUTR,0.5354954954954955
3363,1922,UUTR,0.535740072202166
3364,1923,UUTR,0.5353827606992164
3365,1924,UUTR,0.5351534187001691
3366,1925,UUTR,0.5352862849533955
3367,1926,UUTR,0.5344492964580301
3368,1927,UUTR,0.0
3369,1928,UUTR,0.0
3370,1929,UUTR,0.0
3371,1930,UUTR,0.0
3372,1931,UUTR,0.0
3373,1932,UUTR,0.0
3374,1933,UUTR,0.0
3375,1934,UUTR,0.0
3376,1935,UUTR,0.0
3377,1936,UUTR,0.0
3378,1937,UUTR,0.0
3379,1938,UUTR,0.0
3380,1939,UUTR,0.0
3381,1940,UUTR,0.0
3382,1941,UUTR,0.0
3383,1942,UUTR,0.0
3384,1943,UUTR,0.0
3385,1944,UUTR,0.0
3386,1945,UUTR,0.0
3387,1946,UUTR,0.0
3388,1947,UUTR,0.0
3389,1948,UUTR,0.0
3390,1949,UUTR,0.0
3391,1950,UUTR,0.0
3392,1951,UUTR,0.0
3393,1952,UUTR,0.0
3394,1953,UUTR,0.0
3395,1954,UUTR,0.0
3396,1955,UUTR,0.0
3397,1956,UUTR,0.0
3398,1957,UUTR,0.0
3399,1958,UUTR,0.0
3400,1959,UUTR,0.0
3401,1960,UUTR,0.0
3402,1961,UUTR,0.0
3403,1962,UUTR,0.0
3404,1963,UUTR,0.0
3405,1964,UUTR,0.0
3406,1965,UUTR,0.0
3407,1966,UUTR,0.0
3408,1967,UUTR,0.0
3409,1968,UUTR,0.0
3410,1969,UUTR,0.0
3411,1970,UUTR,0.0
3412,1971,UUTR,0.0
3413,1972,UUTR,0.0
3414,1973,UUTR,0.0
3415,1974,UUTR,0.0
3416,1975,UUTR,0.0
3417,1976,UUTR,0.0
3418,1977,UUTR,0.0
3419,1978,UUTR,0.0
3420,1979,UUTR,0.0
3421,1980,UUTR,0.0
3422,1981,UUTR,0.0
3423,1982,UUTR,0.0
3424,1983,UUTR,0.0
3425,1984,UUTR,0.0
3426,1985,UUTR,0.0
3427,1986,UUTR,0.0
3428,1987,UUTR,0.0
3429,1988,UUTR,0.0
3430,1989,UUTR,0.0
3431,1990,UUTR,0.0
3432,1991,UUTR,0.0
3433,1992,UUTR,0.0
3434,1993,UUTR,0.0
3435,1994,UUTR,0.0
3436,1995,UUTR,0.0
3437,1996,UUTR,0.0
3438,1997,UUTR,0.0
3439,1998,UUTR,0.0
3440,1999,UUTR,0.0
3441,853,DUTR,0.0
3442,854,DUTR,0.0
3443,855,DUTR,0.0
3444,856,DUTR,0.0
3445,857,DUTR,0.0
3446,858,DUTR,0.0
3447,859,DUTR,0.0
3448,860,DUTR,0.0
3449,861,DUTR,0.0
3450,862,DUTR,0.0
3451,863,DUTR,0.0
3452,864,DUTR,0.0
3453,865,DUTR,0.0
3454,866,DUTR,0.0
3455,867,DUTR,0.0
3456,868,DUTR,0.0
3457,869,DUTR,0.0
3458,870,DUTR,0.0
3459,871,DUTR,0.0
3460,872,DUTR,0.0
3461,873,DUTR,0.0
3462,874,DUTR,0.0
3463,875,DUTR,0.0
3464,876,DUTR,0.0
3465,877,DUTR,0.0
3466,878,DUTR,0.0
3467,879,DUTR,0.0
3468,880,DUTR,0.0
3469,881,DUTR,0.0
3470,882,DUTR,0.0
3471,883,DUTR,0.0
3472,884,DUTR,0.0
3473,885,DUTR,0.0
3474,886,DUTR,0.0
3475,887,DUTR,0.0
3476,888,DUTR,0.0
3477,889,DUTR,0.0
3478,890,DUTR,0.0
3479,891,DUTR,0.0
3480,892,DUTR,0.0
3481,893,DUTR,0.0
3482,894,DUTR,0.0
3483,895,DUTR,0.0
3484,896,DUTR,0.0
3485,897,DUTR,0.0
3486,898,DUTR,0.0
3487,899,DUTR,0.0
3488,900,DUTR,0.0
3489,901,DUTR,0.0
3490,902,DUTR,0.0
3491,903,DUTR,0.0
3492,904,DUTR,0.0
3493,905,DUTR,0.0
3494,906,DUTR,0.0
3495,907,DUTR,0.0
3496,908,DUTR,0.0
3497,909,DUTR,0.0
3498,910,DUTR,0.0
3499,911,DUTR,0.0
3500,912,DUTR,0.0
3501,913,DUTR,0.0
3502,914,DUTR,0.0
3503,915,DUTR,0.0
3504,916,DUTR,0.0
3505,917,DUTR,0.0
3506,918,DUTR,0.0
3507,919,DUTR,0.0
3508,920,DUTR,0.0
3509,921,DUTR,0.0
3510,922,DUTR,0.0
3511,923,DUTR,0.0
3512,924,DUTR,0.0
3513,925,DUTR,0.0
3514,926,DUTR,0.0
3515,927,DUTR,0.0
3516,928,DUTR,0.0
3517,929,DUTR,0.0
3518,930,DUTR,0.0
3519,931,DUTR,0.0
3520,932,DUTR,0.0
3521,933,DUTR,0.0
3522,934,DUTR,0.0
3523,935,DUTR,0.0
3524,936,DUTR,0.0
3525,937,DUTR,0.0
3526,938,DUTR,0.0
3527,939,DUTR,0.0
3528,940,DUTR,0.0
3529,941,DUTR,0.0
3530,942,DUTR,0.0
3531,943,DUTR,0.0
3532,944,DUTR,0.0
3533,945,DUTR,0.0
3534,946,DUTR,0.0
3535,947,DUTR,0.0
3536,948,DUTR,0.0
3537,949,DUTR,0.0
3538,950,DUTR,0.0
3539,951,DUTR,0.0
3540,952,DUTR,0.0
3541,953,DUTR,0.0
3542,954,DUTR,0.0
3543,955,DUTR,0.0
3544,956,DUTR,0.0
3545,957,DUTR,0.0
3546,958,DUTR,0.0
3547,959,DUTR,0.0
3548,960,DUTR,0.0
3549,961,DUTR,0.0
3550,962,DUTR,0.0
3551,963,DUTR,0.0
3552,964,DUTR,0.0
3553,965,DUTR,0.0
3554,966,DUTR,0.0
3555,967,DUTR,0.0
3556,968,DUTR,0.0
3557,969,DUTR,0.0
3558,970,DUTR,0.0
3559,971,DUTR,0.0
3560,972,DUTR,0.0
3561,973,DUTR,0.0
3562,974,DUTR,0.0
3563,975,DUTR,0.0
3564,976,DUTR,0.0
3565,977,DUTR,0.0
3566,978,DUTR,0.0
3567,979,DUTR,0.0
3568,980,DUTR,0.0
3569,981,DUTR,0.0
3570,982,DUTR,0.0
3571,983,DUTR,0.0
3572,984,DUTR,0.0
3573,985,DUTR,0.0
3574,986,DUTR,0.0
3575,987,DUTR,0.0
3576,988,DUTR,0.0
3577,989,DUTR,0.0
3578,990,DUTR,0.0
3579,991,DUTR,0.0
3580,992,DUTR,0.0
3581,993,DUTR,0.0
3582,994,DUTR,0.0
3583,995,DUTR,0.0
3584,996,DUTR,0.0
3585,997,DUTR,0.0
3586,998,DUTR,0.0
3587,999,DUTR,0.0
3588,1000,DUTR,0.0
3589,1001,DUTR,0.0
3590,1002,DUTR,0.0
3591,1003,DUTR,0.0
3592,1004,DUTR,0.0
3593,1005,DUTR,0.0
3594,1006,DUTR,0.0
3595,1007,DUTR,0.0
3596,1008,DUTR,0.0
3597,1009,DUTR,0.0
3598,1010,DUTR,0.0
3599,1011,DUTR,0.0
3600,1012,DUTR,0.0
3601,1013,DUTR,0.0
3602,1014,DUTR,0.0
3603,1015,DUTR,0.0
3604,1016,DUTR,0.0
3605,1017,DUTR,0.0
3606,1018,DUTR,0.0
3607,1019,DUTR,0.0
3608,1020,DUTR,0.0
3609,1021,DUTR,0.0
3610,1022,DUTR,0.0
3611,1023,DUTR,0.0
3612,1024,DUTR,0.0
3613,1025,DUTR,0.0
3614,1026,DUTR,0.0
3615,1027,DUTR,0.0
3616,1028,DUTR,0.0
3617,1029,DUTR,0.0
3618,1030,DUTR,0.0
3619,1031,DUTR,0.0
3620,1032,DUTR,0.0
3621,1033,DUTR,0.0
3622,1034,DUTR,0.0
3623,1035,DUTR,0.0
3624,1036,DUTR,0.0
3625,1037,DUTR,0.0
3626,1038,DUTR,0.0
3627,1039,DUTR,0.0
3628,1040,DUTR,0.0
3629,1041,DUTR,0.0
3630,1042,DUTR,0.0
3631,1043,DUTR,0.0
3632,1044,DUTR,0.0
3633,1045,DUTR,0.0
3634,1046,DUTR,0.0
3635,1047,DUTR,0.0
3636,1048,DUTR,0.0
3637,1049,DUTR,0.0
3638,1050,DUTR,0.0
3639,1051,DUTR,0.0
3640,1052,DUTR,0.0
3641,1053,DUTR,0.0
3642,1054,DUTR,0.0
3643,1055,DUTR,0.0
3644,1056,DUTR,0.0
3645,1057,DUTR,0.0
3646,1058,DUTR,0.0
3647,1059,DUTR,0.0
3648,1060,DUTR,0.0
3649,1061,DUTR,0.0
3650,1062,DUTR,0.0
3651,1063,DUTR,0.0
3652,1064,DUTR,0.0
3653,1065,DUTR,0.0
3654,1066,DUTR,0.0
3655,1067,DUTR,0.0
3656,1068,DUTR,0.0
3657,1069,DUTR,0.0
3658,1070,DUTR,0.0
3659,1071,DUTR,0.0
3660,1072,DUTR,0.0
3661,1073,DUTR,0.0
3662,1074,DUTR,0.0
3663,1075,DUTR,0.0
3664,1076,DUTR,0.0
3665,1077,DUTR,0.0
3666,1078,DUTR,0.0
3667,1079,DUTR,0.0
3668,1080,DUTR,0.0
3669,1081,DUTR,0.0
3670,1082,DUTR,0.0
3671,1083,DUTR,0.0
3672,1084,DUTR,0.0
3673,1085,DUTR,0.0
3674,1086,DUTR,0.0
3675,1087,DUTR,0.0
3676,1088,DUTR,0.0
3677,1089,DUTR,0.0
3678,1090,DUTR,0.0
3679,1091,DUTR,0.0
3680,1092,DUTR,0.0
3681,1093,DUTR,0.0
3682,1094,DUTR,0.0
3683,1095,DUTR,0.0
3684,1096,DUTR,0.0
3685,1097,DUTR,0.0
3686,1098,DUTR,0.0
3687,1099,DUTR,0.0
3688,1100,DUTR,0.0
3689,1101,DUTR,0.0
3690,1102,DUTR,0.0
3691,1103,DUTR,0.0
3692,1104,DUTR,0.0
3693,1105,DUTR,0.0
3694,1106,DUTR,0.0
3695,1107,DUTR,0.0
3696,1108,DUTR,0.0
3697,1109,DUTR,0.0
3698,1110,DUTR,0.0
3699,1111,DUTR,0.0
3700,1112,DUTR,0.0
3701,1113,DUTR,0.0
3702,1114,DUTR,0.0
3703,1115,DUTR,0.0
3704,1116,DUTR,0.0
3705,1117,DUTR,0.0
3706,1118,DUTR,0.0
3707,1119,DUTR,0.0
3708,1120,DUTR,0.0
3709,1121,DUTR,0.0
3710,1122,DUTR,0.0
3711,1123,DUTR,0.0
3712,1124,DUTR,0.0
3713,1125,DUTR,0.0
3714,1126,DUTR,0.0
3715,1127,DUTR,0.0
3716,1128,DUTR,0.0
3717,1129,DUTR,0.0
3718,1130,DUTR,0.0
3719,1131,DUTR,0.0
3720,1132,DUTR,0.0
3721,1133,DUTR,0.0
3722,1134,DUTR,0.0
3723,1135,DUTR,0.0
3724,1136,DUTR,0.0
3725,1137,DUTR,0.0
3726,1138,DUTR,0.0
3727,1139,DUTR,0.0
3728,1140,DUTR,0.0
3729,1141,DUTR,0.0
3730,1142,DUTR,0.0
3731,1143,DUTR,0.0
3732,1144,DUTR,0.0
3733,1145,DUTR,0.0
3734,1146,DUTR,0.0
3735,1147,DUTR,0.0
3736,1148,DUTR,0.0
3737,1149,DUTR,0.0
3738,1150,DUTR,0.0
3739,1151,DUTR,0.0
3740,1152,DUTR,0.0
3741,1153,DUTR,0.0
3742,1154,DUTR,0.0
3743,1155,DUTR,0.0
3744,1156,DUTR,0.0
3745,1157,DUTR,0.0
3746,1158,DUTR,0.0
3747,1159,DUTR,0.0
3748,1160,DUTR,0.0
3749,1161,DUTR,0.0
3750,1162,DUTR,0.0
3751,1163,DUTR,0.0
3752,1164,DUTR,0.0
3753,1165,DUTR,0.0
3754,1166,DUTR,0.0
3755,1167,DUTR,0.0
3756,1168,DUTR,0.0
3757,1169,DUTR,0.0
3758,1170,DUTR,0.0
3759,1171,DUTR,0.0
3760,1172,DUTR,0.0
3761,1173,DUTR,0.0
3762,1174,DUTR,0.0
3763,1175,DUTR,0.0
3764,1176,DUTR,0.0
3765,1177,DUTR,0.0
3766,1178,DUTR,0.0
3767,1179,DUTR,0.0
3768,1180,DUTR,0.0
3769,1181,DUTR,0.0
3770,1182,DUTR,0.0
3771,1183,DUTR,0.0
3772,1184,DUTR,0.0
3773,1185,DUTR,0.0
3774,1186,DUTR,0.0
3775,1187,DUTR,0.0
3776,1188,DUTR,0.0
3777,1189,DUTR,0.0
3778,1190,DUTR,0.0
3779,1191,DUTR,0.0
3780,1192,DUTR,0.0
3781,1193,DUTR,0.0
3782,1194,DUTR,0.0
3783,1195,DUTR,0.0
3784,1196,DUTR,0.0
3785,1197,DUTR,0.0
3786,1198,DUTR,0.0
3787,1199,DUTR,0.0
3788,1200,DUTR,0.0
3789,1201,DUTR,0.0
3790,1202,DUTR,0.0
3791,1203,DUTR,0.0
3792,1204,DUTR,0.0
3793,1205,DUTR,0.0
3794,1206,DUTR,0.0
3795,1207,DUTR,0.0
3796,1208,DUTR,0.0
3797,1209,DUTR,0.0
3798,1210,DUTR,0.0
3799,1211,DUTR,0.0
3800,1212,DUTR,0.0
3801,1213,DUTR,0.0
3802,1214,DUTR,0.0
3803,1215,DUTR,0.0
3804,1216,DUTR,0.0
3805,1217,DUTR,0.0
3806,1218,DUTR,0.0
3807,1219,DUTR,0.0
3808,1220,DUTR,0.0
3809,1221,DUTR,0.0
3810,1222,DUTR,0.0
3811,1223,DUTR,0.0
3812,1224,DUTR,0.0
3813,1225,DUTR,0.0
3814,1226,DUTR,0.0
3815,1227,DUTR,0.0
3816,1228,DUTR,0.0
3817,1229,DUTR,0.0
3818,1230,DUTR,0.0
3819,1231,DUTR,0.0
3820,1232,DUTR,0.0
3821,1233,DUTR,0.0
3822,1234,DUTR,0.0
3823,1235,DUTR,0.0
3824,1236,DUTR,0.0
3825,1237,DUTR,0.0
3826,1238,DUTR,0.0
3827,1239,DUTR,0.0
3828,1240,DUTR,0.0
3829,1241,DUTR,0.0
3830,1242,DUTR,0.0
3831,1243,DUTR,0.0
3832,1244,DUTR,0.0
3833,1245,DUTR,0.0
3834,1246,DUTR,0.0
3835,1247,DUTR,0.0
3836,1248,DUTR,0.0
3837,1249,DUTR,0.0
3838,1250,DUTR,0.0
3839,1251,DUTR,0.0
3840,1252,DUTR,0.0
3841,1253,DUTR,0.0
3842,1254,DUTR,0.0
3843,1255,DUTR,0.0
3844,1256,DUTR,0.0
3845,1257,DUTR,0.0
3846,1258,DUTR,0.0
3847,1259,DUTR,0.0
3848,1260,DUTR,0.0
3849,1261,DUTR,0.0
3850,1262,DUTR,0.0
3851,1263,DUTR,0.0
3852,1264,DUTR,0.0
3853,1265,DUTR,0.0
3854,1266,DUTR,0.0
3855,1267,DUTR,0.0
3856,1268,DUTR,0.0
3857,1269,DUTR,0.0
3858,1270,DUTR,0.0
3859,1271,DUTR,0.0
3860,1272,DUTR,1.0
3861,1273,DUTR,1.0
3862,1274,DUTR,1.0
3863,1275,DUTR,0.75
3864,1276,DUTR,0.8
3865,1277,DUTR,0.6666666666666666
3866,1278,DUTR,0.7142857142857143
3867,1279,DUTR,0.75
3868,1280,DUTR,0.7777777777777778
3869,1281,DUTR,0.8
3870,1282,DUTR,0.8181818181818182
3871,1283,DUTR,0.8333333333333334
3872,1284,DUTR,0.8461538461538461
3873,1285,DUTR,0.7857142857142857
3874,1286,DUTR,0.7333333333333333
3875,1287,DUTR,0.6875
3876,1288,DUTR,0.6470588235294118
3877,1289,DUTR,0.6111111111111112
3878,1290,DUTR,0.5789473684210527
3879,1291,DUTR,0.55
3880,1292,DUTR,0.5238095238095238
3881,1293,DUTR,0.5
3882,1294,DUTR,0.4782608695652174
3883,1295,DUTR,0.4583333333333333
3884,1296,DUTR,0.48
3885,1297,DUTR,0.46153846153846156
3886,1298,DUTR,0.48148148148148145
3887,1299,DUTR,0.5
3888,1300,DUTR,0.4827586206896552
3889,1301,DUTR,0.5
3890,1302,DUTR,0.4838709677419355
3891,1303,DUTR,0.5
3892,1304,DUTR,0.5151515151515151
3893,1305,DUTR,0.5294117647058824
3894,1306,DUTR,0.5142857142857142
3895,1307,DUTR,0.5
3896,1308,DUTR,0.4864864864864865
3897,1309,DUTR,0.47368421052631576
3898,1310,DUTR,0.46153846153846156
3899,1311,DUTR,0.45
3900,1312,DUTR,0.4634146341463415
3901,1313,DUTR,0.47619047619047616
3902,1314,DUTR,0.4883720930232558
3903,1315,DUTR,0.5
3904,1316,DUTR,0.5111111111111111
3905,1317,DUTR,0.5
3906,1318,DUTR,0.48936170212765956
3907,1319,DUTR,0.4791666666666667
3908,1320,DUTR,0.46938775510204084
3909,1321,DUTR,0.48
3910,1322,DUTR,0.47058823529411764
3911,1323,DUTR,0.4807692307692308
3912,1324,DUTR,0.49056603773584906
3913,1325,DUTR,0.509090909090909
3914,1326,DUTR,0.5263157894736842
3915,1327,DUTR,0.5423728813559322
3916,1328,DUTR,0.55
3917,1329,DUTR,0.5573770491803278
3918,1330,DUTR,0.5645161290322581
3919,1331,DUTR,0.5555555555555556
3920,1332,DUTR,0.5625
3921,1333,DUTR,0.5692307692307692
3922,1334,DUTR,0.5757575757575758
3923,1335,DUTR,0.582089552238806
3924,1336,DUTR,0.5882352941176471
3925,1337,DUTR,0.6
3926,1338,DUTR,0.5833333333333334
3927,1339,DUTR,0.581081081081081
3928,1340,DUTR,0.5789473684210527
3929,1341,DUTR,0.5897435897435898
3930,1342,DUTR,0.6
3931,1343,DUTR,0.6097560975609756
3932,1344,DUTR,0.6190476190476191
3933,1345,DUTR,0.6162790697674418
3934,1346,DUTR,0.625
3935,1347,DUTR,0.6333333333333333
3936,1348,DUTR,0.6195652173913043
3937,1349,DUTR,0.6170212765957447
3938,1350,DUTR,0.625
3939,1351,DUTR,0.6224489795918368
3940,1352,DUTR,0.62
3941,1353,DUTR,0.6176470588235294
3942,1354,DUTR,0.6153846153846154
3943,1355,DUTR,0.6132075471698113
3944,1356,DUTR,0.6111111111111112
3945,1357,DUTR,0.6181818181818182
3946,1358,DUTR,0.6160714285714286
3947,1359,DUTR,0.6228070175438597
3948,1360,DUTR,0.6206896551724138
3949,1361,DUTR,0.6271186440677966
3950,1362,DUTR,0.6333333333333333
3951,1363,DUTR,0.6311475409836066
3952,1364,DUTR,0.6290322580645161
3953,1365,DUTR,0.6349206349206349
3954,1366,DUTR,0.6328125
3955,1367,DUTR,0.6307692307692307
3956,1368,DUTR,0.6363636363636364
3957,1369,DUTR,0.6343283582089553
3958,1370,DUTR,0.6323529411764706
3959,1371,DUTR,0.6304347826086957
3960,1372,DUTR,0.6357142857142857
3961,1373,DUTR,0.6338028169014085
3962,1374,DUTR,0.6319444444444444
3963,1375,DUTR,0.6301369863013698
3964,1376,DUTR,0.6283783783783784
3965,1377,DUTR,0.6266666666666667
3966,1378,DUTR,0.631578947368421
3967,1379,DUTR,0.6298701298701299
3968,1380,DUTR,0.6282051282051282
3969,1381,DUTR,0.6265822784810127
3970,1382,DUTR,0.625
3971,1383,DUTR,0.6296296296296297
3972,1384,DUTR,0.6341463414634146
3973,1385,DUTR,0.6265060240963856
3974,1386,DUTR,0.6309523809523809
3975,1387,DUTR,0.6294117647058823
3976,1388,DUTR,0.622093023255814
3977,1389,DUTR,0.6206896551724138
3978,1390,DUTR,0.625
3979,1391,DUTR,0.6235955056179775
3980,1392,DUTR,0.6277777777777778
3981,1393,DUTR,0.6243093922651933
3982,1394,DUTR,0.6208791208791209
3983,1395,DUTR,0.6229508196721312
3984,1396,DUTR,0.6195652173913043
3985,1397,DUTR,0.6216216216216216
3986,1398,DUTR,0.6236559139784946
3987,1399,DUTR,0.6256684491978609
3988,1400,DUTR,0.6223404255319149
3989,1401,DUTR,0.6190476190476191
3990,1402,DUTR,0.6210526315789474
3991,1403,DUTR,0.6230366492146597
3992,1404,DUTR,0.6197916666666666
3993,1405,DUTR,0.6217616580310881
3994,1406,DUTR,0.6185567010309279
3995,1407,DUTR,0.6205128205128205
3996,1408,DUTR,0.6224489795918368
3997,1409,DUTR,0.6192893401015228
3998,1410,DUTR,0.6212121212121212
3999,1411,DUTR,0.6180904522613065
4000,1412,DUTR,0.615
4001,1413,DUTR,0.6169154228855721
4002,1414,DUTR,0.6138613861386139
4003,1415,DUTR,0.6108374384236454
4004,1416,DUTR,0.6078431372549019
4005,1417,DUTR,0.6097560975609756
4006,1418,DUTR,0.6067961165048543
4007,1419,DUTR,0.6019417475728155
4008,1420,DUTR,0.6019417475728155
4009,1421,DUTR,0.5970873786407767
4010,1422,DUTR,0.5970873786407767
4011,1423,DUTR,0.5922330097087378
4012,1424,DUTR,0.5970873786407767
4013,1425,DUTR,0.5970873786407767
4014,1426,DUTR,0.5970873786407767
4015,1427,DUTR,0.5922330097087378
4016,1428,DUTR,0.5922330097087378
4017,1429,DUTR,0.5893719806763285
4018,1430,DUTR,0.5865384615384616
4019,1431,DUTR,0.5789473684210527
4020,1432,DUTR,0.580952380952381
4021,1433,DUTR,0.5829383886255924
4022,1434,DUTR,0.5849056603773585
4023,1435,DUTR,0.5887850467289719
4024,1436,DUTR,0.5925925925925926
4025,1437,DUTR,0.5963302752293578
4026,1438,DUTR,0.5909090909090909
4027,1439,DUTR,0.5900900900900901
4028,1440,DUTR,0.59375
4029,1441,DUTR,0.5973451327433629
4030,1442,DUTR,0.6008771929824561
4031,1443,DUTR,0.5956521739130435
4032,1444,DUTR,0.5991379310344828
4033,1445,DUTR,0.594017094017094
4034,1446,DUTR,0.597457627118644
4035,1447,DUTR,0.5966386554621849
4036,1448,DUTR,0.5958333333333333
4037,1449,DUTR,0.5991735537190083
4038,1450,DUTR,0.5983606557377049
4039,1451,DUTR,0.5934959349593496
4040,1452,DUTR,0.5967741935483871
4041,1453,DUTR,0.6
4042,1454,DUTR,0.5992063492063492
4043,1455,DUTR,0.5984251968503937
4044,1456,DUTR,0.6015625
4045,1457,DUTR,0.6007751937984496
4046,1458,DUTR,0.6076923076923076
4047,1459,DUTR,0.6068702290076335
4048,1460,DUTR,0.6037735849056604
4049,1461,DUTR,0.6007462686567164
4050,1462,DUTR,0.5940959409594095
4051,1463,DUTR,0.5875912408759124
4052,1464,DUTR,0.5884476534296029
4053,1465,DUTR,0.5892857142857143
4054,1466,DUTR,0.5901060070671378
4055,1467,DUTR,0.5909090909090909
4056,1468,DUTR,0.5882352941176471
4057,1469,DUTR,0.589041095890411
4058,1470,DUTR,0.5864406779661017
4059,1471,DUTR,0.5838926174496645
4060,1472,DUTR,0.5766666666666667
4061,1473,DUTR,0.5761589403973509
4062,1474,DUTR,0.5723684210526315
4063,1475,DUTR,0.5700325732899023
4064,1476,DUTR,0.5709677419354838
4065,1477,DUTR,0.5750798722044729
4066,1478,DUTR,0.569620253164557
4067,1479,DUTR,0.5705329153605015
4068,1480,DUTR,0.5714285714285714
4069,1481,DUTR,0.5723076923076923
4070,1482,DUTR,0.5701219512195121
4071,1483,DUTR,0.56797583081571
4072,1484,DUTR,0.5645645645645646
4073,1485,DUTR,0.564179104477612
4074,1486,DUTR,0.5667655786350149
4075,1487,DUTR,0.5634218289085545
4076,1488,DUTR,0.5630498533724341
4077,1489,DUTR,0.5568513119533528
4078,1490,DUTR,0.553623188405797
4079,1491,DUTR,0.5504322766570605
4080,1492,DUTR,0.5530085959885387
4081,1493,DUTR,0.5498575498575499
4082,1494,DUTR,0.5495750708215298
4083,1495,DUTR,0.5492957746478874
4084,1496,DUTR,0.5490196078431373
4085,1497,DUTR,0.5459610027855153
4086,1498,DUTR,0.5457063711911357
4087,1499,DUTR,0.5454545454545454
4088,1500,DUTR,0.547945205479452
4089,1501,DUTR,0.5449591280653951
4090,1502,DUTR,0.5447154471544715
4091,1503,DUTR,0.5471698113207547
4092,1504,DUTR,0.5388739946380697
4093,1505,DUTR,0.5386666666666666
4094,1506,DUTR,0.5358090185676393
4095,1507,DUTR,0.5329815303430079
4096,1508,DUTR,0.5314136125654451
4097,1509,DUTR,0.5298701298701298
4098,1510,DUTR,0.5283505154639175
4099,1511,DUTR,0.5294117647058824
4100,1512,DUTR,0.5279187817258884
4101,1513,DUTR,0.5289672544080605
4102,1514,DUTR,0.525
4103,1515,DUTR,0.5235732009925558
4104,1516,DUTR,0.5246305418719212
4105,1517,DUTR,0.5256723716381418
4106,1518,DUTR,0.5266990291262136
4107,1519,DUTR,0.5253012048192771
4108,1520,DUTR,0.5239234449760766
4109,1521,DUTR,0.5225653206650831
4110,1522,DUTR,0.5212264150943396
4111,1523,DUTR,0.5245901639344263
4112,1524,DUTR,0.5255813953488372
4113,1525,DUTR,0.5242494226327945
4114,1526,DUTR,0.5252293577981652
4115,1527,DUTR,0.5284738041002278
4116,1528,DUTR,0.5294117647058824
4117,1529,DUTR,0.5280898876404494
4118,1530,DUTR,0.5278396436525612
4119,1531,DUTR,0.5275938189845475
4120,1532,DUTR,0.5273522975929978
4121,1533,DUTR,0.5249457700650759
4122,1534,DUTR,0.5258620689655172
4123,1535,DUTR,0.5267665952890792
4124,1536,DUTR,0.5234042553191489
4125,1537,DUTR,0.5210970464135021
4126,1538,DUTR,0.5146443514644351
4127,1539,DUTR,0.5113871635610766
4128,1540,DUTR,0.5112474437627812
4129,1541,DUTR,0.5111111111111111
4130,1542,DUTR,0.5089820359281437
4131,1543,DUTR,0.5128205128205128
4132,1544,DUTR,0.5087719298245614
4133,1545,DUTR,0.5048169556840078
4134,1546,DUTR,0.5066666666666667
4135,1547,DUTR,0.5065913370998116
4136,1548,DUTR,0.5083798882681564
4137,1549,DUTR,0.5119705340699816
4138,1550,DUTR,0.5100182149362478
4139,1551,DUTR,0.5117117117117117
4140,1552,DUTR,0.5169340463458111
4141,1553,DUTR,0.5167548500881834
4142,1554,DUTR,0.5165794066317626
4143,1555,DUTR,0.5164075993091537
4144,1556,DUTR,0.5162393162393163
4145,1557,DUTR,0.5126903553299492
4146,1558,DUTR,0.5159128978224455
4147,1559,DUTR,0.5157545605306799
4148,1560,DUTR,0.5147540983606558
4149,1561,DUTR,0.5170178282009724
4150,1562,DUTR,0.5176282051282052
4151,1563,DUTR,0.5198098256735341
4152,1564,DUTR,0.5188087774294671
4153,1565,DUTR,0.5162790697674419
4154,1566,DUTR,0.5191424196018377
4155,1567,DUTR,0.5158850226928896
4156,1568,DUTR,0.515695067264574
4157,1569,DUTR,0.5140324963072378
4158,1570,DUTR,0.5153284671532846
4159,1571,DUTR,0.5165945165945166
4160,1572,DUTR,0.5106990014265336
4161,1573,DUTR,0.5105782792665726
4162,1574,DUTR,0.5076708507670851
4163,1575,DUTR,0.5048275862068966
4164,1576,DUTR,0.505464480874317
4165,1577,DUTR,0.5054054054054054
4166,1578,DUTR,0.5106951871657754
4167,1579,DUTR,0.5119047619047619
4168,1580,DUTR,0.5117801047120419
4169,1581,DUTR,0.5090673575129534
4170,1582,DUTR,0.5096277278562259
4171,1583,DUTR,0.510178117048346
4172,1584,DUTR,0.510718789407314
4173,1585,DUTR,0.515
4174,1586,DUTR,0.5179677819083024
4175,1587,DUTR,0.5147420147420148
4176,1588,DUTR,0.5140073081607796
4177,1589,DUTR,0.5120772946859904
4178,1590,DUTR,0.5137724550898204
4179,1591,DUTR,0.5142517814726841
4180,1592,DUTR,0.5159010600706714
4181,1593,DUTR,0.5116822429906542
4182,1594,DUTR,0.5133256083429896
4183,1595,DUTR,0.5109070034443168
4184,1596,DUTR,0.5073947667804323
4185,1597,DUTR,0.5062006764374295
4186,1598,DUTR,0.5050279329608939
4187,1599,DUTR,0.5005537098560354
4188,1600,DUTR,0.5027442371020856
4189,1601,DUTR,0.5027203482045702
4190,1602,DUTR,0.5037756202804746
4191,1603,DUTR,0.506951871657754
4192,1604,DUTR,0.5068928950159067
4193,1605,DUTR,0.5047318611987381
4194,1606,DUTR,0.5046923879040668
4195,1607,DUTR,0.5041407867494824
4196,1608,DUTR,0.5056526207605344
4197,1609,DUTR,0.5081632653061224
4198,1610,DUTR,0.5065856129685917
4199,1611,DUTR,0.5080482897384306
4200,1612,DUTR,0.5074925074925075
4201,1613,DUTR,0.5059523809523809
4202,1614,DUTR,0.5044334975369458
4203,1615,DUTR,0.5078277886497065
4204,1616,DUTR,0.5043731778425656
4205,1617,DUTR,0.5057915057915058
4206,1618,DUTR,0.5043144774688398
4207,1619,DUTR,0.5066666666666667
4208,1620,DUTR,0.5052034058656575
4209,1621,DUTR,0.506578947368421
4210,1622,DUTR,0.5060690943043884
4211,1623,DUTR,0.5018552875695733
4212,1624,DUTR,0.5004608294930876
4213,1625,DUTR,0.5036630036630036
4214,1626,DUTR,0.5004549590536852
4215,1627,DUTR,0.5
4216,1628,DUTR,0.4995507637017071
4217,1629,DUTR,0.49865951742627346
4218,1630,DUTR,0.49733570159857904
4219,1631,DUTR,0.4969108561341571
4220,1632,DUTR,0.49912280701754386
4221,1633,DUTR,0.4995640802092415
4222,1634,DUTR,0.5008665511265165
4223,1635,DUTR,0.49870801033591733
4224,1636,DUTR,0.5004277159965783
4225,1637,DUTR,0.5004248088360238
4226,1638,DUTR,0.49957805907173
4227,1639,DUTR,0.49958088851634536
4228,1640,DUTR,0.4987510407993339
4229,1641,DUTR,0.4975206611570248
4230,1642,DUTR,0.4971287940935193
4231,1643,DUTR,0.496742671009772
4232,1644,DUTR,0.4963621665319321
4233,1645,DUTR,0.4971932638331997
4234,1646,DUTR,0.4996022275258552
4235,1647,DUTR,0.4968454258675079
4236,1648,DUTR,0.49648162627052383
4237,1649,DUTR,0.49767441860465117
4238,1650,DUTR,0.49423520368946966
4239,1651,DUTR,0.49581111957349583
4240,1652,DUTR,0.4947209653092006
4241,1653,DUTR,0.49663928304705
4242,1654,DUTR,0.4977810650887574
4243,1655,DUTR,0.49560117302052786
4244,1656,DUTR,0.49709302325581395
4245,1657,DUTR,0.49639769452449567
4246,1658,DUTR,0.49857142857142855
4247,1659,DUTR,0.49964564138908574
4248,1660,DUTR,0.4964838255977497
4249,1661,DUTR,0.4961618981158409
4250,1662,DUTR,0.49653739612188363
4251,1663,DUTR,0.49896907216494846
4252,1664,DUTR,0.49897610921501706
4253,1665,DUTR,0.4993215739484396
4254,1666,DUTR,0.5003371544167229
4255,1667,DUTR,0.5
4256,1668,DUTR,0.5003331112591606
4257,1669,DUTR,0.5019867549668874
4258,1670,DUTR,0.5013157894736842
4259,1671,DUTR,0.5013071895424837
4260,1672,DUTR,0.5006493506493507
4261,1673,DUTR,0.5
4262,1674,DUTR,0.49935897435897436
4263,1675,DUTR,0.49936305732484076
4264,1676,DUTR,0.49936708860759493
4265,1677,DUTR,0.49905601006922595
4266,1678,DUTR,0.49906191369606
4267,1679,DUTR,0.4996892479801119
4268,1680,DUTR,0.4972205064854849
4269,1681,DUTR,0.49754601226993866
4270,1682,DUTR,0.4996953077391834
4271,1683,DUTR,0.500908540278619
4272,1684,DUTR,0.5
4273,1685,DUTR,0.5032953864589574
4274,1686,DUTR,0.5038759689922481
4275,1687,DUTR,0.5050445103857567
4276,1688,DUTR,0.5062020082693444
4277,1689,DUTR,0.5079365079365079
4278,1690,DUTR,0.5084844938560562
4279,1691,DUTR,0.5084449621432732
4280,1692,DUTR,0.5084057971014493
4281,1693,DUTR,0.5066358915175996
4282,1694,DUTR,0.5077541642734061
4283,1695,DUTR,0.5088622069754145
4284,1696,DUTR,0.5076835515082527
4285,1697,DUTR,0.5076487252124646
4286,1698,DUTR,0.5095828635851184
4287,1699,DUTR,0.5103757711721817
4288,1700,DUTR,0.51171875
4289,1701,DUTR,0.5136035535813437
4290,1702,DUTR,0.5154696132596686
4291,1703,DUTR,0.5159515951595159
4292,1704,DUTR,0.5180722891566265
4293,1705,DUTR,0.5169029443838604
4294,1706,DUTR,0.5190010857763301
4295,1707,DUTR,0.5186587344510546
4296,1708,DUTR,0.5188577586206896
4297,1709,DUTR,0.5179817498658078
4298,1710,DUTR,0.5197860962566845
4299,1711,DUTR,0.5215769845498135
4300,1712,DUTR,0.522823779193206
4301,1713,DUTR,0.5232804232804232
4302,1714,DUTR,0.5258438818565401
4303,1715,DUTR,0.5257623554153522
4304,1716,DUTR,0.5272536687631028
4305,1717,DUTR,0.5282131661442007
4306,1718,DUTR,0.5291666666666667
4307,1719,DUTR,0.5301142263759087
4308,1720,DUTR,0.5305383022774327
4309,1721,DUTR,0.5309597523219814
4310,1722,DUTR,0.5329218106995884
4311,1723,DUTR,0.5312820512820513
4312,1724,DUTR,0.5312180143295804
4313,1725,DUTR,0.5275791624106231
4314,1726,DUTR,0.5272542027508915
4315,1727,DUTR,0.5269308943089431
4316,1728,DUTR,0.5281297516472377
4317,1729,DUTR,0.5257836198179979
4318,1730,DUTR,0.5259707513867877
4319,1731,DUTR,0.5246478873239436
4320,1732,DUTR,0.5258404415454089
4321,1733,DUTR,0.526026026026026
4322,1734,DUTR,0.527708437343984
4323,1735,DUTR,0.5278884462151394
4324,1736,DUTR,0.5290611028315947
4325,1737,DUTR,0.5272547076313181
4326,1738,DUTR,0.5264458724666337
4327,1739,DUTR,0.5276134122287969
4328,1740,DUTR,0.5282833251352681
4329,1741,DUTR,0.52747791952895
4330,1742,DUTR,0.5274240940254652
4331,1743,DUTR,0.5293255131964809
4332,1744,DUTR,0.5297560975609756
4333,1745,DUTR,0.5301850048685491
4334,1746,DUTR,0.533041788143829
4335,1747,DUTR,0.533462657613967
4336,1748,DUTR,0.5333978702807357
4337,1749,DUTR,0.5323671497584541
4338,1750,DUTR,0.532304725168756
4339,1751,DUTR,0.5307988450433109
4340,1752,DUTR,0.5297790585975024
4341,1753,DUTR,0.5273250239693192
4342,1754,DUTR,0.5289335246293639
4343,1755,DUTR,0.5286259541984732
4344,1756,DUTR,0.5287958115183246
4345,1757,DUTR,0.5294396961063628
4346,1758,DUTR,0.5286594031264803
4347,1759,DUTR,0.5283553875236295
4348,1760,DUTR,0.52993870815653
4349,1761,DUTR,0.5310442144873001
4350,1762,DUTR,0.5286384976525822
4351,1763,DUTR,0.5313964386129335
4352,1764,DUTR,0.5308699719363892
4353,1765,DUTR,0.5322128851540616
4354,1766,DUTR,0.5298229263746506
4355,1767,DUTR,0.5297674418604651
4356,1768,DUTR,0.5285647933116582
4357,1769,DUTR,0.528538283062645
4358,1770,DUTR,0.5303662494204914
4359,1771,DUTR,0.5312644742936544
4360,1772,DUTR,0.5307727903748265
4361,1773,DUTR,0.5325936199722607
4362,1774,DUTR,0.5325635103926097
4363,1775,DUTR,0.5329949238578681
4364,1776,DUTR,0.5327188940092166
4365,1777,DUTR,0.5322283609576427
4366,1778,DUTR,0.5326586936522539
4367,1779,DUTR,0.5321691176470589
4368,1780,DUTR,0.5316804407713499
4369,1781,DUTR,0.5305185865075723
4370,1782,DUTR,0.5307339449541284
4371,1783,DUTR,0.5298165137614679
4372,1784,DUTR,0.5293577981651376
4373,1785,DUTR,0.5311926605504587
4374,1786,DUTR,0.5307339449541284
4375,1787,DUTR,0.5302752293577981
4376,1788,DUTR,0.5300596603946764
4377,1789,DUTR,0.5298438934802571
4378,1790,DUTR,0.5296279283417548
4379,1791,DUTR,0.5289522058823529
4380,1792,DUTR,0.5280588776448942
4381,1793,DUTR,0.5271639042357275
4382,1794,DUTR,0.5274319963116644
4383,1795,DUTR,0.5281625115420129
4384,1796,DUTR,0.5275080906148867
4385,1797,DUTR,0.5273148148148148
4386,1798,DUTR,0.5264378478664193
4387,1799,DUTR,0.5271966527196653
4388,1800,DUTR,0.5244755244755245
4389,1801,DUTR,0.5231416549789621
4390,1802,DUTR,0.522737927801219
4391,1803,DUTR,0.5209214856605547
4392,1804,DUTR,0.5200377180575201
4393,1805,DUTR,0.5174858223062382
4394,1806,DUTR,0.515625
4395,1807,DUTR,0.5161290322580645
4396,1808,DUTR,0.5180608365019012
4397,1809,DUTR,0.5161904761904762
4398,1810,DUTR,0.5135908440629471
4399,1811,DUTR,0.5143129770992366
4400,1812,DUTR,0.512881679389313
4401,1813,DUTR,0.5114503816793893
4402,1814,DUTR,0.5109732824427481
4403,1815,DUTR,0.5090648854961832
4404,1816,DUTR,0.5066793893129771
4405,1817,DUTR,0.5059665871121718
4406,1818,DUTR,0.5047755491881566
4407,1819,DUTR,0.504538939321548
4408,1820,DUTR,0.505736137667304
4409,1821,DUTR,0.5045432807269249
4410,1822,DUTR,0.5040650406504065
4411,1823,DUTR,0.5040650406504065
4412,1824,DUTR,0.5031085604973696
4413,1825,DUTR,0.5026328386787937
4414,1826,DUTR,0.5021562050790609
4415,1827,DUTR,0.5045563549160671
4416,1828,DUTR,0.5031204992798848
4417,1829,DUTR,0.502162421912542
4418,1830,DUTR,0.501681883709755
4419,1831,DUTR,0.5012013455069678
4420,1832,DUTR,0.4997597308986064
4421,1833,DUTR,0.4997597308986064
4422,1834,DUTR,0.49927919269581933
4423,1835,DUTR,0.49927919269581933
4424,1836,DUTR,0.4963959634790966
4425,1837,DUTR,0.49543488707352235
4426,1838,DUTR,0.49591542527630944
4427,1839,DUTR,0.49591542527630944
4428,1840,DUTR,0.4963959634790966
4429,1841,DUTR,0.4951923076923077
4430,1842,DUTR,0.49446849446849445
4431,1843,DUTR,0.49422521655437923
4432,1844,DUTR,0.49350024073182475
4433,1845,DUTR,0.49204819277108436
4434,1846,DUTR,0.48914616497829233
4435,1847,DUTR,0.4872042491549976
4436,1848,DUTR,0.48622522957950703
4437,1849,DUTR,0.4833091436865022
4438,1850,DUTR,0.48160696999031943
4439,1851,DUTR,0.48063891577928364
4440,1852,DUTR,0.48112294288480156
4441,1853,DUTR,0.47967086156824784
4442,1854,DUTR,0.47967086156824784
4443,1855,DUTR,0.47967086156824784
4444,1856,DUTR,0.4791868344627299
4445,1857,DUTR,0.4779874213836478
4446,1858,DUTR,0.4748549323017408
4447,1859,DUTR,0.47317544707588205
4448,1860,DUTR,0.47246376811594204
4449,1861,DUTR,0.47078705939159826
4450,1862,DUTR,0.4724903474903475
4451,1863,DUTR,0.4717800289435601
4452,1864,DUTR,0.47155255544840885
4453,1865,DUTR,0.4693975903614458
4454,1866,DUTR,0.46917148362235067
4455,1867,DUTR,0.4684641309581127
4456,1868,DUTR,0.4692011549566891
4457,1869,DUTR,0.46875
4458,1870,DUTR,0.47070124879923153
4459,1871,DUTR,0.4724220623501199
4460,1872,DUTR,0.47413793103448276
4461,1873,DUTR,0.47416267942583734
4462,1874,DUTR,0.4751434034416826
4463,1875,DUTR,0.47421203438395415
4464,1876,DUTR,0.47662213740458015
4465,1877,DUTR,0.4747378455672069
4466,1878,DUTR,0.4747619047619048
4467,1879,DUTR,0.47240723120837297
4468,1880,DUTR,0.47100760456273766
4469,1881,DUTR,0.47198480531813863
4470,1882,DUTR,0.4715370018975332
4471,1883,DUTR,0.471563981042654
4472,1884,DUTR,0.4744318181818182
4473,1885,DUTR,0.47445600756859035
4474,1886,DUTR,0.4725897920604915
4475,1887,DUTR,0.4740321057601511
4476,1888,DUTR,0.47547169811320755
4477,1889,DUTR,0.47455230914231855
4478,1890,DUTR,0.4726930320150659
4479,1891,DUTR,0.4715561824165491
4480,1892,DUTR,0.4737089201877934
4481,1893,DUTR,0.4727954971857411
4482,1894,DUTR,0.47141518275538896
4483,1895,DUTR,0.47191011235955055
4484,1896,DUTR,0.47193638914873715
4485,1897,DUTR,0.47102803738317756
4486,1898,DUTR,0.47245564892623715
4487,1899,DUTR,0.47410172655156324
4488,1900,DUTR,0.4762126865671642
4489,1901,DUTR,0.4743470149253731
4490,1902,DUTR,0.4743470149253731
4491,1903,DUTR,0.47201492537313433
4492,1904,DUTR,0.4724813432835821
4493,1905,DUTR,0.4743470149253731
4494,1906,DUTR,0.4748134328358209
4495,1907,DUTR,0.47294776119402987
4496,1908,DUTR,0.4724813432835821
4497,1909,DUTR,0.47412587412587415
4498,1910,DUTR,0.47110904007455734
4499,1911,DUTR,0.46995808104331627
4500,1912,DUTR,0.4697392923649907
4501,1913,DUTR,0.4695207073057236
4502,1914,DUTR,0.4697674418604651
4503,1915,DUTR,0.46933085501858735
4504,1916,DUTR,0.46728538283062643
4505,1917,DUTR,0.46570898980537534
4506,1918,DUTR,0.4645997223507635
4507,1919,DUTR,0.4646651270207852
4508,1920,DUTR,0.4631336405529954
4509,1921,DUTR,0.4611494252873563
4510,1922,DUTR,0.45871559633027525
4511,1923,DUTR,0.459954233409611
4512,1924,DUTR,0.4611872146118721
4513,1925,DUTR,0.4592255125284738
4514,1926,DUTR,0.4586363636363636
4515,1927,DUTR,0.0
4516,1928,DUTR,0.0
4517,1929,DUTR,0.0
4518,1930,DUTR,0.0
4519,1931,DUTR,0.0
4520,1932,DUTR,0.0
4521,1933,DUTR,0.0
4522,1934,DUTR,0.0
4523,1935,DUTR,0.0
4524,1936,DUTR,0.0
4525,1937,DUTR,0.0
4526,1938,DUTR,0.0
4527,1939,DUTR,0.0
4528,1940,DUTR,0.0
4529,1941,DUTR,0.0
4530,1942,DUTR,0.0
4531,1943,DUTR,0.0
4532,1944,DUTR,0.0
4533,1945,DUTR,0.0
4534,1946,DUTR,0.0
4535,1947,DUTR,0.0
4536,1948,DUTR,0.0
4537,1949,DUTR,0.0
4538,1950,DUTR,0.0
4539,1951,DUTR,0.0
4540,1952,DUTR,0.0
4541,1953,DUTR,0.0
4542,1954,DUTR,0.0
4543,1955,DUTR,0.0
4544,1956,DUTR,0.0
4545,1957,DUTR,0.0
4546,1958,DUTR,0.0
4547,1959,DUTR,0.0
4548,1960,DUTR,0.0
4549,1961,DUTR,0.0
4550,1962,DUTR,0.0
4551,1963,DUTR,0.0
4552,1964,DUTR,0.0
4553,1965,DUTR,0.0
4554,1966,DUTR,0.0
4555,1967,DUTR,0.0
4556,1968,DUTR,0.0
4557,1969,DUTR,0.0
4558,1970,DUTR,0.0
4559,1971,DUTR,0.0
4560,1972,DUTR,0.0
4561,1973,DUTR,0.0
4562,1974,DUTR,0.0
4563,1975,DUTR,0.0
4564,1976,DUTR,0.0
4565,1977,DUTR,0.0
4566,1978,DUTR,0.0
4567,1979,DUTR,0.0
4568,1980,DUTR,0.0
4569,1981,DUTR,0.0
4570,1982,DUTR,0.0
4571,1983,DUTR,0.0
4572,1984,DUTR,0.0
4573,1985,DUTR,0.0
4574,1986,DUTR,0.0
4575,1987,DUTR,0.0
4576,1988,DUTR,0.0
4577,1989,DUTR,0.0
4578,1990,DUTR,0.0
4579,1991,DUTR,0.0
4580,1992,DUTR,0.0
4581,1993,DUTR,0.0
4582,1994,DUTR,0.0
4583,1995,DUTR,0.0
4584,1996,DUTR,0.0
4585,1997,DUTR,0.0
4586,1998,DUTR,0.0
4587,1999,DUTR,0.0
